Key;Nieuw Wetboek van Strafvordering
1-0-0-0;1.1.1
2-1-0-0;1.2.9, 1
2-1-0-0;1.2.9, 1, a
2-1-0-0;1.2.9, 1, b
2-1-0-0;1.2.9, 1, c
2-1-0-0;1.2.9, 1, b
2-1-0-0;1.2.9, 1, d
2-1-0-0;1.2.9, 2, a
2-1-0-0;1.2.9, 2, b
2-1-0-0;1.2.9, 2, b
2-2-0-0;vervallen (mvt)
2-3-0-0;1.2.9, 3
2-4-0-0;1.2.9, 3
2-5-0-0;1.2.9, 2, c
4-0-0-0;1.2.11
5-0-0-0;1.2.11
6-1-0-0;1.2.9, 4
6-2-0-0;vervallen (mvt)
6-3-0-0;1.2.9, 5
7-0-0-0;1.3.2, 2
8-0-0-0;1.3.1, 1
9-1-0-0;"1.3.2, 1; 1.3.5"
9-2-0-0;1.3.7
9-3-0-0;1.3.7
9-4-0-0;1.3.7
9-5-0-0;1.3.2, 1
10-1-0-0;vervalllen
10-2-0-0;vervallen
10-3-0-0;vervallen
12-1-0-0;3.5.1, 1 en 3
12-2-0-0;3.5.2
12-3-0-0;vervallen (mvt)
12-4-0-0;algemeen B1H9
12a-1-0-0;3.5.4, 4
12a-2-0-0;3.5.4, 5
12b-0-0-0;3.5.10, 1
12c-0-0-0;3.5.5, 2
12d-1-0-0;3.5.6, 1
12d-2-0-0;3.5.10, 3
12d-3-0-0;3.5.6, 2
12e-1-0-0;3.5.7, 1
12e-2-0-0;3.5.7, 2
12f-1-0-0;3.5.8, 1
12f-2-0-0;3.5.8, 2
12f-3-0-0;3.5.8, 3
12f-4-0-0;3.5.8, 4
12g-0-0-0;3.5.9, 3
12h-0-0-0;3.5.9, 1
12i-1-0-0;"3.5.10, 4; 3.5.11, 1"
12i-2-0-0;3.5.10, 5
12i-3-0-0;3.5.10, 4
12i-4-0-0;3.5.10, 5
12j-0-0-0;40973
12k-1-0-0;3.5.4, 1
12k-2-0-0;3.5.4, 3
12l-1-0-0;3.5.3
12l-2-0-0;3.5.4, 1
13-1-0-0;vervallen (mvt)
13-2-0-0;vervallen (mvt)
13-3-0-0;vervallen (mvt)
13a-0-0-0;B6T1.5
14-1-0-0;vervallen (mvt)
14-2-0-0;vervallen (mvt)
14a-0-0-0;vervallen (mvt)
15-0-0-0;vervallen (mvt)
16-1-0-0;vervallen (mvt)
16-2-0-0;vervallen (mvt)
17-1-0-0;vervallen (mvt)
17-2-0-0;vervallen (mvt)
19-1-0-0;vervallen (mvt)
19-2-0-0;vervallen (mvt)
20-1-0-0;vervallen (mvt)
20-2-0-0;vervallen (mvt)
21-1-0-0;1.2.4
21-2-0-0;vervallen
21-2-a-0;vervallen
21-2-b-0;vervallen
21-2-c-0;vervallen
21-3-0-0;1.2.13, 3
21-4-0-0;1.2.14, 1
21-5-0-0;1.2.13, 1, a en b
21-6-0-0;1.2.13, 2
21-7-0-0;algemene regeling (1.2.6 en 1.2.7)
22-1-0-0;1.2.16, 1
22-2-0-0;1.2.16, 2
22-3-0-0;1.2.16, 3
22-4-0-0;algemene regeling (1.4.8)
22-5-0-0;1.2.16, 4
23-1-0-0;1.2.19, 1
23-2-0-0;1.2.18, 1 en 2
23-3-0-0;1.2.18, 3 en 4
23-4-0-0;1.11.7, 1, c
23-5-0-0;1.2.15, 1
23-6-0-0;1.2.18, 5
24-1-0-0;1.2.23, 1 en 3
24-2-0-0;1.2.23, 4
24-3-0-0;1.2.8, 2 en 5
24-4-0-0;1.2.24, 1 en
24-5-0-0;1.2.24, 3
25-1-0-0;1.2.21, 1
25-2-0-0;1.2.21, 2
25-3-0-0;1.2.21, 5
25-4-0-0;algemene regeling (1.8.1)
27-1-0-0;1.4.1, 1 en 2
27-2-0-0;1.4.1, 3
27-3-0-0;1.4.2, 2 en 3
27-4-0-0;1.11.7, 1
27a-1-0-0;1.4.8, 1 en 2
27a-2-0-0;1.4.8, 2
27b-1-0-0;bepaling over gegevensverwerking
27b-2-0-0;bepaling over gegevensverwerking
27b-3-0-0;bepaling over gegevensverwerking
27b-4-0-0;bepaling over gegevensverwerking
27b-5-0-0;bepaling over gegevensverwerking
27b-6-0-0;bepaling over gegevensverwerking
27c-1-0-0;1.4.4, 1
27c-2-0-0;1.4.4, 2
27c-3-0-0;1.4.4, 4
27c-3-a-0;1.4.4, 4, a
27c-3-b-0;1.4.4, 4, a
27c-3-c-0;1.4.4, 4, a
27c-3-d-0;1.4.4, 4, a
27c-3-e-0;1.4.4, 4, b
27c-3-f-0;1.4.4, 4, c
27c-3-g-0;1.4.4, 4, d
27c-3-h-0;1.4.4, 4, e
27c-3-i-0;1.4.4, 4, f
27c-4-0-0;1.4.4, 5
27c-5-0-0;1.4.4, 6
27ca-1-0-0;1.4.7, 1
27ca-1-a-0;1.4.7, 1, a
27ca-1-b-0;1.4.7, 1, b
27ca-1-c-0;1.4.7, 1, c
27ca-2-0-0;1.4.7, 2
27ca-2-a-0;1.4.7, 2, a
27ca-2-b-0;1.4.7, 2
27ca-2-c-0;1.4.7, 2, b
27ca-2-d-0;1.4.7, 2
27cb-0-0-0;2.3.5
27d-1-0-0;2.3.1, 1
27d-2-0-0;2.3.1, 2
27e-1-0-0;2.5.12, 1
27e-2-0-0;2.5.12, 2
27e-3-0-0;2.5.12, 3
27e-3-a-0;2.5.12, 3, a
27e-3-b-0;2.5.12, 3, b
27e-4-0-0;2.5.12, 4
28-1-0-0;1.4.5, 1
28-2-0-0;1.4.5, 3
28-3-0-0;1.4.5, 4
28-4-0-0;1.4.5, 2
28-5-0-0;"1.11.7, 1; 1.11.8, 1"
28a-1-0-0;1.4.6, 1
28a-2-0-0;1.4.6, 2
28ab-0-0-0;vervallen (mvt)
28b-1-0-0;2.3.7, 1
28b-2-0-0;2.3.7, 2
28b-3-0-0;2.3.7, 3
28b-4-0-0;2.3.7, 4
28c-1-0-0;2.3.8, 1
28c-2-0-0;2.3.8, 2
28d-1-0-0;2.3.9, 1
28d-2-0-0;2.3.9, 2
28d-3-0-0;2.3.9, 3
28d-4-0-0;2.3.9, 4
28e-1-0-0;2.3.10, 1
28e-1-a-0;2.3.10, 1, a
28e-1-b-0;2.3.10, 1, b
28e-1-c-0;2.3.10, 1, c
28e-1-d-0;2.3.10, 1, d
28e-2-0-0;2.3.10, 2
28e-2-a-0;2.3.10, 2, a
28e-2-b-0;2.3.10, 2, b
28e-3-0-0;2.3.10, 3
28e-4-0-0;2.3.10, 4
29-1-0-0;1.4.3, 1
29-2-0-0;"1.4.3, 2; 2.3.6; 2.10.17"
29a-1-0-0;2.3.3, 1
29a-2-0-0;2.3.3, 2
29a-3-0-0;2.3.3, 3
29b-1-0-0;1.11.7, 1, a
29b-2-0-0;1.11.8, 1
29b-3-0-0;1.11.6, 3
29c-1-0-0;1.4.8, 1 en 2
29c-2-0-0;1.4.8, 2
29d-0-0-0;vervallen (mvt)
29e-1-0-0;vervallen
29e-2-0-0;vervallen
29e-3-0-0;vervallen
29f-1-0-0;3.1.3, 1
29f-2-0-0;3.1.3, 4
29f-3-0-0;3.1.3, 2
29f-4-0-0;3.1.3, 5
30-1-0-0;1.8.6, 1
30-2-0-0;1.8.6, 3
30-3-0-0;1.8.6, 2
30-4-0-0;"1.8.6, 2; 1.8.13, 1, b"
31-0-0-0;1.8.7
31-0-a-0;1.8.7, a
31-0-b-0;1.8.7, b
31-0-c-0;1.8.7, c
32-1-0-0;1.8.8, 1
32-2-0-0;1.8.8, 2
32-3-0-0;1.8.8, 3
32-4-0-0;1.8.13, 1, c
32-5-0-0;1.8.11, 1
32a-1-0-0;1.8.9, 1
32a-2-0-0;1.8.2, 2 en 3
32a-3-0-0;"1.8.9, 2; 1.8.13, 1, d, en 2"
33-0-0-0;40186
34-1-0-0;1.8.5, 1
34-2-0-0;1.8.5, 2
34-3-0-0;1.8.5, 3
34-4-0-0;1.8.5, 4
36a-1-0-0;"1.9.8; 1.9.10, 2"
36a-2-0-0;algemene regeling (1.9.4)
36b-1-0-0;1.9.5, 1
36b-1-a-0;1.9.5, 1
36b-1-b-0;1.9.5, 2
36b-1-c-0;1.9.5, 2
36b-2-0-0;1.9.10, 1
36b-3-0-0;1.9.5, 3
36b-4-0-0;algemene regeling 2.1.10
36c-1-0-0;1.9.5
36c-2-0-0;1.9.1
36d-1-0-0;1.9.12, 1
36d-2-0-0;1.9.11, 1
36d-3-0-0;1.9.12, 2
36e-1-0-0;1.9.13, 1
36e-1-a-0;1.9.13, 1
36e-1-b-0;1.9.13, 2
36e-1-0-0;1.9.13, 5, b
36e-1-0-0;1.9.13, 5, c
36e-2-0-0;1.9.13, 5 en 8
36e-2-a-0;1.9.13, 5
36e-2-b-0;1.9.13, 8
36e-3-0-0;Boek 8
36e-4-0-0;"1.9.15, 3; 1.9.16, 7"
36f-1-0-0;1.9.11, 1
36f-2-0-0;1.9.11, 2
36f-3-0-0;1.9.11, 3
36g-1-0-0;algemene regeling (1.9.6)
36g-1-a-0;algemene regeling (1.9.6)
36g-1-b-0;algemene regeling (1.9.6)
36g-1-c-0;algemene regeling (1.9.6)
36g-2-0-0;algemene regeling (1.9.6)
36g-3-0-0;algemene regeling (1.9.6)
36g-3-a-0;algemene regeling (1.9.6)
36g-3-b-0;algemene regeling (1.9.6)
36g-3-c-0;algemene regeling (1.9.6)
36g-3-d-0;algemene regeling (1.9.6)
36g-4-0-0;algemene regeling (1.9.6)
36g-5-0-0;algemene regeling (1.9.6)
36h-1-0-0;1.9.16, 1
36h-1-a-0;1.9.16, 1, a
36h-1-b-0;1.9.16, 1, b
36h-1-c-0;1.9.16, 1, c
36h-1-d-0;1.9.16, 1, d
36h-1-e-0;1.9.16, 1, e
36h-1-f-0;1.9.16, 1, f
36h-2-0-0;1.9.16, 3
36h-3-0-0;1.9.16, 2
36h-4-0-0;algemene regeling 2.1.10
36h-5-0-0;1.9.16, 7
36i-1-0-0;1.9.15, 1
36i-1-a-0;1.9.15, 1, a
36i-1-b-0;1.9.15, 1, b
36i-1-c-0;1.9.15, 1, c
36i-1-d-0;1.9.15, 1, e
36i-2-0-0;1.9.15, 3
36j-1-0-0;1.9.13, 6
36j-1-a-0;1.9.13, 6
36j-1-b-0;1.9.13, 6
36j-1-c-0;1.9.13, 6
36j-2-0-0;1.9.13, 4
36j-3-0-0;1.9.13, 5
36k-1-0-0;1.9.13, 6
36k-1-a-0;1.9.13, 6
36k-1-b-0;1.9.13, 6
36k-2-0-0;1.9.13, 4
36k-3-0-0;1.9.13, 5
36k-4-0-0;1.9.13, 4
36l-0-0-0;"1.9.13, 7; 1.9.14"
36m-0-0-0;algemene regeling B1H9
36n-1-0-0;1.9.17, 1
36n-2-0-0;vervallen
36n-3-0-0;1.9.17, 2
36n-3-a-0;1.9.17, 2
36n-3-b-0;1.9.17, 2
37-1-0-0;1.4.9, 1
37-2-0-0;1.4.9, 2
38-1-0-0;1.4.10, 1
38-2-0-0;1.4.10, 2
38-3-0-0;1.4.10, 3
38-4-0-0;1.4.10, 4
38-5-0-0;1.4.11, 1
38-6-0-0;1.4.11, 4
38-7-0-0;1.4.11, 4
39-1-0-0;1.4.12, 1
39-2-0-0;1.4.12, 2
39-3-0-0;1.4.12, 3
39-4-0-0;1.4.12, 4
40-1-0-0;41278
40-1-a-0;1.4.13, a
40-1-b-0;1.4.13, b
40-2-0-0;1.4.11, 1
41-1-0-0;1.4.14, 1
41-2-0-0;1.4.14, 2
42-1-0-0;1.4.15, 1
42-2-0-0;1.4.15, 2
43-1-0-0;1.4.11, 5
43-2-0-0;1.4.16, 1
43-3-0-0;1.4.11, 4
44-1-0-0;1.4.16, 2
44-2-0-0;1.4.16, 3
44-3-0-0;1.4.16, 4
44-4-0-0;1.4.16, 5
45-0-0-0;42739
46-1-0-0;1.4.18, 1
46-2-0-0;1.4.18, 2
46-3-0-0;1.4.18, 3
46-4-0-0;1.4.18, 4
47-1-0-0;1.4.19, 1
47-2-0-0;1.4.19, 2
48-0-0-0;1.4.20, 2
51a-1-0-0;1.5.1
51a-1-a-0;1.5.1, a
51a-1-0-0;1.5.1, b
51a-1-0-0;1.5.1, c
51a-1-b-0;1.5.1, d
51a-1-c-0;1.5.1, e
51a-1-d-0;1.11.1
51a-2-0-0;1.5.2, 5
51a-2-a-0;1.5.2, 5
51a-2-b-0;1.5.2, 5
51aa-1-0-0;1.5.2, 1
51aa-2-0-0;1.5.2, 2
51aa-3-0-0;1.5.2, 3
51aa-3-a-0;1.5.2, 3, a
51aa-3-b-0;1.5.2, 3, b
51aa-3-c-0;1.5.2, 3, c
51aa-4-0-0;1.5.2, 4
51aa-5-0-0;1,5,2, 6
51aa-5-a-0;1,5,2, 6, a
51aa-5-b-0;1,5,2, 6, b
51ab-1-0-0;1.5.3, 1, a
51ab-2-0-0;1.5.3, 2
51ac-1-0-0;"1.5.3, 1, b; 1.5.4, 1"
51ac-1-a-0;1.5.4, 1, a
51ac-1-b-0;1.5.4, 1, c
51ac-1-c-0;1.5.4, 1, b
51ac-1-d-0;1.5.4, 1, d
51ac-1-e-0;1.5.4, 1, e
51ac-1-f-0;1.5.4, 1, f
51ac-1-g-0;1.5.4, 1, g
51ac-1-h-0;1.5.4, 1, h
51ac-1-i-0;1.5.4, 1, i
51ac-1-j-0;1.5.4, 1, j
51ac-2-0-0;1.5.4, 2
51ac-3-0-0;1.5.4, 3
51ac-4-0-0;1.5.4, 4
51ac-5-0-0;1.5.4, 5
51ac-6-0-0;1.5.4, 6
51ac-7-0-0;1.5.4, 7
51ac-8-0-0;algemene regeling (1.9.4)
51b-1-0-0;1.5.5, 3 en 4
51b-2-0-0;1.5.5, 1
51b-3-0-0;1.5.5, 3
51b-4-0-0;vervallen
51b-5-0-0;1.5.5, 6
51b-6-0-0;vervallen
51b-7-0-0;algemene regeling (1.9.6)
51c-1-0-0;1.5.6, 1
51c-2-0-0;1.5.6, 2
51c-3-0-0;1.5.6, 3
51c-4-0-0;1.5.6, 4
51c-5-0-0;algemene regeling (H11T11.3)
51c-6-0-0;1.5.7, 8
51ca-1-0-0;1.5.7, 1
51ca-2-0-0;1.5.7, 2
51ca-3-0-0;1.5.7, 3
51ca-3-a-0;1.5.7, 3, a
51ca-3-b-0;1.5.7, 3, b
51ca-4-0-0;1.5.7, 4
51ca-5-0-0;1.5.7, 5
51ca-6-0-0;"1.5.7, 6; 1.5.15, 1, d"
51ca-7-0-0;1.5.7, 6
51ca-8-0-0;1.5.15, 1, d
51ca-9-0-0;1.5.7, 7
51ca-10-0-0;1.5.7, 8
51d-0-0-0;41644
51e-1-0-0;1.5.8, 1
51e-2-0-0;1.5.8, 2
51e-3-0-0;"1.5.8, 3; 4.2.46, 2"
51e-4-0-0;1.5.8, 4
51e-4-a-0;1.5.8, 4, a
51e-4-b-0;1.5.8, 4, b
51e-5-0-0;53419
51e-6-0-0;1.5.8, 5
51e-7-0-0;1.5.8, 6 en 9
51e-8-0-0;1.5.8, 7
51f-1-0-0;1.5.10, 1
51f-2-0-0;1.5.10, 2
51f-3-0-0;1.5.10, 3
51f-4-0-0;40913
51f-5-0-0;algemene regeling (1.5.3 1.5.4, 1.5.14)
51g-1-0-0;"1.5.13; 4.4.1, 1"
51g-2-0-0;4.4.2
51g-3-0-0;4.4.1, 2
51g-4-0-0;1.5.10, 4
51h-1-0-0;1.11.2, 1
51h-2-0-0;1.11.2, 2
51h-3-0-0;1.11.2, 3
51h-4-0-0;1.11.2, 4
51i-1-0-0;1.7.1, 1
51i-2-0-0;1.7.1, 2 en 3
51i-3-0-0;1.7.1, 3
51i-4-0-0;1.7.2, 2
51j-1-0-0;1.7.3, 1
51j-2-0-0;1.7.3, 2
51j-3-0-0;1.7.3, 3
51j-4-0-0;41796
51k-1-0-0;1.7.2, 1
51k-2-0-0;1.7.2, 3
51l-1-0-0;1.7.4, 2
51l-2-0-0;1.7.1, 3 en 4
51l-3-0-0;1.7.4, 3
51m-1-0-0;vervallen (mvt)
51m-2-0-0;4.2.44, 2
51m-3-0-0;vervallen (mvt)
52-0-0-0;2.5.3, 1
53-1-0-0;2.5.4, 1
53-2-0-0;2.5.4, 2
53-3-0-0;2.5.4, 3
53-4-0-0;vervallen (mvt)
54-1-0-0;2.5.5, 1
54-2-0-0;2.5.5, 2
54-3-0-0;2.5.5, 3
54-4-0-0;2.5.5, 4
54-5-0-0;2.5.5, 5
55-1-0-0;2.5.6, 1
55-2-0-0;2.5.6, 2
55a-1-0-0;2.5.7, 1
55a-2-0-0;2.5.7, 2
55b-1-0-0;2.6.6, 1
55b-2-0-0;2.6.6, 1
55b-3-0-0;algemene regeling (2.1.10)
55c-1-0-0;2.5.8
55c-2-0-0;2.6.9, 2 en 4
55c-3-0-0;2.6.9, 3 en 4
55c-4-0-0;bepaling over gegevensverwerking
55c-5-0-0;algemene regeling (2.6.5)
55d-1-0-0;2.6.10, 1
55d-1-a-0;2.6.10, 1, a
55d-1-b-0;2.6.10, 1, b
55d-2-0-0;2.6.10, 2
55d-3-0-0;2.6.10, 3
55d-4-0-0;algemene regeling (2.6.5)
55e-1-0-0;2.6.11, 1
55e-2-0-0;2.6.11, 2
55e-3-0-0;2.6.11, 2
55e-4-0-0;2.6.11, 3
55e-5-0-0;algemene regeling (2.6.5)
56-1-0-0;"2.6.6, 1; 2.6.7, 1"
56-2-0-0;2.6.8, 1, 2 en 3
56-3-0-0;algemene regeling (2.6.5)
56-4-0-0;2.6.6, 1
56a-1-0-0;2.5.9, 1
56a-2-0-0;2.5.9, 2
56a-3-0-0;40579
56a-4-0-0;2.5.9, 3
56a-5-0-0;vervallen (mvt)
56b-1-0-0;2.5.10, 1
56b-2-0-0;algemene regeling (B2T5.1)
56b-3-0-0;2.5.10, 2
57-1-0-0;"2.5.13, 1; 2.5.14, 2"
57-2-0-0;2.5.13, 2
57-3-0-0;algemene regeling (2.1.10)
57-4-0-0;2.5.13, 3
57-5-0-0;2.5.14, 4
58-1-0-0;2.5.14, 1
58-2-0-0;2.5.14, 3
58-3-0-0;2.5.14, 4
59-1-0-0;2.5.15, 1
59-2-0-0;besluit B2H1
59-3-0-0;besluit B2
59-4-0-0;2.5.15, 2
59-5-0-0;2.5.15, 3
59-6-0-0;2.5.15, 4
59-7-0-0;2.5.15, 2
59a-1-0-0;2.5.17, 1
59a-2-0-0;2.5.17, 2
59a-3-0-0;2.5.17, 3
59a-4-0-0;2.5.17, 4
59a-5-0-0;2.5.17, 5 en 6
59a-6-0-0;2.5.17, 7
59b-0-0-0;2.5.17, 1
59c-1-0-0;2.5.59, 1
59c-2-0-0;2.5.59, 2
59c-3-0-0;2.5.59, 3
60-0-0-0;2.5.17, 1
61a-1-0-0;2.6.12, 1
61a-1-a-0;2.6.12, 1, b
61a-1-b-0;"2.6.12, 1, a en c; 2.6.13, 1"
61a-1-c-0;2.6.16, 1
61a-1-d-0;vervallen (mvt)
61a-1-e-0;"2.6.12, 4; 2.6.16, 2"
61a-1-f-0;2.6.16, 1
61a-1-g-0;2.6.8, 4
61a-1-h-0;2.6.7, 1
61a-2-0-0;algemene regeling (2.1.8)
61a-3-0-0;algemene regeling (2.6.5)
62-1-0-0;vervallen (mvt)
62-2-0-0;2.5.16, 1
62-2-a-0;2.5.16, 1, a
62-2-b-0;2.5.16, 1, b
62-3-0-0;vervallen (mvt)
62-4-0-0;vervallen (mvt)
62-5-0-0;2.5.16, 2
62a-1-0-0;2.5.16, 1
62a-2-0-0;2.5.16, 1
62a-3-0-0;2.5.16, 3
62a-4-0-0;"2.5.16, 2; 2.5.58"
63-1-0-0;2.5.42, 1 en 2
63-2-0-0;2.5.42, 3
63-3-0-0;2.5.42, 3 en 4
63-4-0-0;2.5.42, 5
63-5-0-0;6.1.26, 2
63-6-0-0;6.1.28, 2 en 3
64-1-0-0;2.5.43, 1
64-2-0-0;2.5.43, 2
64-3-0-0;2.5.61, 3
65-1-0-0;2.5.44, 1
65-2-0-0;2.5.44, 2
65-3-0-0;2.5.44, 3
66-1-0-0;2.5.45, 1
66-2-0-0;2.5.45, 2
66-3-0-0;2.5.45, 3
66-4-0-0;2.5.45, 4
66a-1-0-0;2.5.46, 1
66a-1-a-0;2.5.46, 1, a
66a-1-b-0;2.5.46, 1, b
66a-1-c-0;2.5.46, 1, c
66a-2-0-0;vervallen
66a-3-0-0;vervallen
66a-4-0-0;2.5.46, 2
66a-5-0-0;1.2.4
66a-6-0-0;"4.2.56; 2.5.53"
67-1-0-0;2.1.8
67-1-a-0;2.5.26, 1
67-1-b-0;2.1.8, a
67-1-c-0;2.1.8, b
67-1-0-0;2.1.8, b
67-1-0-0;2.1.8, b
67-1-0-0;2.1.8, b
67-1-0-0;2.1.8, b
67-1-0-0;2.1.8, b
67-1-0-0;2.1.8, b
67-1-0-0;2.1.8, b
67-1-0-0;2.1.8, b
67-1-0-0;2.1.8, b
67-1-0-0;2.1.8, b
67-1-0-0;2.1.8, b
67-2-0-0;2.5.26, 2
67-3-0-0;2.5.29, 1
67-4-0-0;2.5.29, 2
67a-1-0-0;2.5.27, 1
67a-1-a-0;2.5.27, 1, a
67a-1-b-0;vervallen (mvt)
67a-2-0-0;vervallen (mvt)
67a-2-0-1;2.5.27, 1, c
67a-2-0-2;2.5.27, 1, d
67a-2-0-0;2.5.27, 1, d
67a-2-0-0;2.5.27, 1, d
67a-2-0-3;2.5.27, 1, e
67a-2-0-4;2.5.27, 1, f
67a-2-0-5;2.5.27, 1, b
67a-3-0-0;47519
67a-4-0-0;2.5.27, 2
67a-5-0-0;2.5.27, 3
67b-1-0-0;2.5.47, 1
67b-2-0-0;2.5.47, 2
67b-3-0-0;2.5.47, 3
67b-4-0-0;2.5.47, 4
68-1-0-0;2.5.24, 3
68-2-0-0;54093
68-3-0-0;vervallen (mvt)
68-4-0-0;vervallen (mvt)
69-1-0-0;2.5.38, 1
69-2-0-0;2.5.38, 2
69-3-0-0;2.5.38, 3
70-1-0-0;51171
70-2-0-0;2.5.39, 2
71-1-0-0;2.5.62, 1
71-2-0-0;2.5.62, 2
71-3-0-0;2.5.61, 2
71-4-0-0;2.5.64, 2
72-1-0-0;2.5.39, 1
72-2-0-0;2.5.39, 3
72-3-0-0;2.5.49, 1
72-4-0-0;2.5.49, 2
72-5-0-0;43136
72-6-0-0;2.5.50, 1 en 2
72a-1-0-0;2.5.62, 3
72a-2-0-0;2.5.64, 2
73-1-0-0;2.5.24, 1
73-2-0-0;2.5.24, 2
74-0-0-0;vervallen (mvt)
75-1-0-0;"2.5.51; 2.5.28"
75-2-0-0;2.5.52, 1 en 2
75-3-0-0;2.5.53, 1
75-4-0-0;2.5.53, 2 en 4
75-5-0-0;2.5.56, 1
75-6-0-0;2.5.55, 2
75-7-0-0;43136
75-8-0-0;2.5.56, 2
76-0-0-0;45693
77-1-0-0;2.5.23, 1
77-2-0-0;2.5.23, 2
77-3-0-0;2.5.23, 3
78-1-0-0;2.5.21, 1
78-2-0-0;2.5.21, 2
78-3-0-0;2.5.21, 3
78-4-0-0;2.5.21, 4
78-5-0-0;2.5.22, 1
78-6-0-0;2.5.22, 2
79-0-0-0;2.5.22, 1
80-1-0-0;2.5.32, 1
80-2-0-0;2.5.33, 1
80-2-0-1;2.5.33, 1, b
80-2-0-2;2.5.33, 1, c
80-2-0-3;2.5.33, 1, d
80-3-0-0;2.5.33, 3
80-4-0-0;vervallen (mvt)
80-5-0-0;2.5.33, 3
80-6-0-0;algemene regeling 1.4.8
80-7-0-0;2.5.32, 2
81-1-0-0;2.5.34, 1
81-2-0-0;vervallen (mvt)
82-1-0-0;2.5.34, 2
82-2-0-0;2.5.37, 1
83-1-0-0;2.5.34, 3
83-2-0-0;vervallen (mvt)
83-3-0-0;vervallen (mvt)
83-4-0-0;2.5.34, 4
84-1-0-0;2.5.35, 1
84-2-0-0;2.5.35, 2
85-0-0-0;2.5.36, 2
86-1-0-0;2.5.32, 1
86-2-0-0;2.5.37, 2
86-3-0-0;2.5.36, 1
86-4-0-0;2.5.22, 1
86-5-0-0;2.5.24, 1
87-1-0-0;2.5.61, 1
87-2-0-0;2.5.63, 1 en 2
87-3-0-0;2.5.64, 2
88-0-0-0;vervallen (mvt)
94-1-0-0;2.7.4, 1, a en b
94-2-0-0;2.7.4, 1, c en d
94-3-0-0;"2.7.5, 1; 2.7.17, 1 en 2"
94a-1-0-0;"2.7.5; 2.7.19, 1"
94a-2-0-0;2.7.19, 2
94a-3-0-0;2.7.19, 3
94a-4-0-0;2.7.19, 4
94a-5-0-0;2.7.19, 5
94a-6-0-0;2.1.1
94b-0-0-0;besluit B2
94b-0-0-1;besluit B2
94b-0-0-2;besluit B2
94b-0-0-3;besluit B2
94b-0-0-4;besluit B2
94c-0-0-0;2.7.21, 1
94c-0-a-0;2.7.21, 1, a
94c-0-b-0;2.7.21, 1, c
94c-0-c-0;2.7.21, 1, d
94c-0-d-0;2.7.21, 1, b
94c-0-e-0;2.7.21, 1, e
94c-0-f-0;2.7.21, 1, 6f
94c-0-g-0;2.7.21, 1, g
94c-0-h-0;2.7.21, 1, h
94c-0-i-0;2.7.21, 1, i
94d-1-0-0;2.7.22, 1
94d-2-0-0;2.7.22, 2
94d-3-0-0;2.7.22, 3
94d-4-0-0;2.7.22, 4
95-1-0-0;2.7.7
95-2-0-0;2.6.6, 1
96-1-0-0;"2.7.8; 2.7.10, a"
96-2-0-0;"2.7.3, 1, c, en 2; 2.7.10, b"
96a-1-0-0;2.7.9, 1
96a-2-0-0;2.7.2
96a-3-0-0;2.7.58, 1
96a-3-a-0;2.7.58, 1, a
96a-3-b-0;2.7.58, 1, c
96a-3-c-0;2.7.58, 1, b
96a-4-0-0;vervallen (mvt)
96a-5-0-0;vervallen (mvt)
96b-1-0-0;2.7.11, 1
96b-2-0-0;2.7.11, 2
96b-2-a-0;2.7.11, 2, a
96b-2-b-0;2.7.11, 2, b
96c-1-0-0;2.7.12, 1
96c-2-0-0;2.7.12, 2
96c-3-0-0;2.7.12, 3
96c-4-0-0;"2.7.3, 1, c, en 2; 2.7.10, b"
97-1-0-0;2.7.13, 1
97-2-0-0;2.7.13, 1
97-3-0-0;2.7.13, 2
97-4-0-0;2.7.13, 2
97-5-0-0;"2.7.3, 1, c en 2; 2.7.10, b"
98-1-0-0;"2.7.61; 2.7.62, 1"
98-2-0-0;59939
98-3-0-0;2.7.63, 1
98-4-0-0;2.7.63, 2
98-5-0-0;"2.7.59, 1; 2.7.61, b"
98-6-0-0;2.7.62, 3
99-1-0-0;vervallen (mvt)
99-2-0-0;vervallen (mvt)
99a-0-0-0;42042
100-1-0-0;2.7.16, 2
100-2-0-0;2.7.16, 3
101-1-0-0;vervallen (mvt)
101-2-0-0;2.7.16, 4
101-3-0-0;algemene regeling (2.1.13)
101-4-0-0;2.7.16, 6
102-1-0-0;2.7.16, 7
102-2-0-0;2.7.16, 7
102-3-0-0;vervallen (mvt)
102-4-0-0;algemene regeling (2.1.10)
102a-1-0-0;vervallen (mvt)
102a-2-0-0;vervallen (mvt)
102a-3-0-0;vervallen (mvt)
103-1-0-0;2.7.19, 6
103-2-0-0;43868
103-3-0-0;2.7.21, b
103-4-0-0;vervallen (mvt)
103-5-0-0;vervallen (mvt)
104-1-0-0;2.7.68, 1
104-2-0-0;algemene regeling (B2T7.5)
105-1-0-0;2.7.68, 1
105-2-0-0;algemene regeling (2.1.13)
105-3-0-0;algemene regeling (B2T7.5)
108-1-0-0;vervallen (mvt)
108-2-0-0;vervallen (mvt)
109-0-0-0;vervallen
110-1-0-0;2.7.69, 1
110-2-0-0;2.7.69, 2
110-3-0-0;"2.7.15; 2.7.69, 1"
114-1-0-0;2.7.68, 1
114-2-0-0;2.7.68, 1
116-1-0-0;45695
116-2-0-0;2.7.26, 1
116-2-a-0;2.7.26, 1, a
116-2-b-0;2.7.26, 1, b
116-2-c-0;2.7.27, 1
116-3-0-0;2.7.26, 2
116-4-0-0;2.7.26, 3
116-5-0-0;2.7.26, 2 en 3
116-6-0-0;48617
117-1-0-0;2.7.31, 3
117-2-0-0;2.7.31, 1
117-2-a-0;2.7.31, 1, a
117-2-b-0;2.7.31, 1, b
117-2-c-0;2.7.31, 1, c
117-2-0-0;2.7.31, 3
117-3-0-0;2.7.31, 4
117-4-0-0;2.7.31, 5
117-5-0-0;2.7.31, 6
117a-0-0-0;vervallen
118-1-0-0;2.7.28, 1
118-2-0-0;2.7.28, 2
118-3-0-0;2.7.31, 1, d
118-4-0-0;47886
118-5-0-0;47886
118a-1-0-0;2.7.30, 1
118a-2-0-0;2.7.30, 2
119-1-0-0;2.7.29, 1
119-2-0-0;2.7.29, 2
119-3-0-0;47156
119-4-0-0;2.7.29, 3
119a-0-0-0;48982
124-1-0-0;1.11.10, 1
124-2-0-0;1.11.10, 2
124-3-0-0;1.11.10, 3
124-4-0-0;1.11.10, 4
124-5-0-0;1.11.10, 5
125-1-0-0;2.7.3, 1, a en e
125-2-0-0;2.7.3, 3
125i-0-0-0;2.7.37, 1
125j-1-0-0;2.7.40, 1
125j-2-0-0;2.7.40, 2
125k-1-0-0;2.7.43, 1
125k-2-0-0;2.7.43, 1
125k-3-0-0;"2.7.2; 2.7.58"
125l-0-0-0;2.7.59, 2
125la-0-0-0;2.7.42, 1
125m-1-0-0;"2.7.35, 1; 2.7.56, 2"
125m-2-0-0;"2.7.35, 2; 2.7.56, 3"
125m-3-0-0;"2.7.35, 1; 2.7.56, 2"
125m-3-a-0;"2.7.35, 1; 2.7.56, 2"
125m-3-b-0;"2.7.35, 1; 2.7.56, 2"
125m-3-c-0;"2.7.35, 1; 2.7.56, 2"
125m-4-0-0;49347
125m-5-0-0;2.7.36, 1
125n-1-0-0;bepaling over gegevensverwerking
125n-2-0-0;bepaling over gegevensverwerking
125n-3-0-0;bepaling over gegevensverwerking
125n-3-a-0;bepaling over gegevensverwerking
125n-3-b-0;bepaling over gegevensverwerking
125n-4-0-0;bepaling over gegevensverwerking
125o-1-0-0;2.7.56, 1
125o-2-0-0;2.1.1
125o-3-0-0;2.7.56, 5
125p-1-0-0;2.7.57, 1
125p-2-0-0;Besluit B2
125p-2-a-0;Besluit B2
125p-2-b-0;Besluit B2
125p-2-c-0;Besluit B2
125p-3-0-0;2.7.57, 3
125p-4-0-0;2.7.57, 2
126-1-0-0;vervallen (mvt)
126-2-0-0;vervallen (mvt)
126-3-0-0;vervallen (mvt)
126-4-0-0;vervallen (mvt)
126-5-0-0;vervallen (mvt)
126a-1-0-0;6.5.9, 1 en 3
126a-1-a-0;6.5.9, 1, a
126a-1-b-0;6.5.9, 1, b
126a-1-0-0;6.5.9, 1
126a-2-0-0;6.5.9, 2
126a-3-0-0;algemene regeling (B2T7.5)
126a-4-0-0;vervallen (mvt)
126a-5-0-0;6.5.9, 4
126b-1-0-0;6.5.10, 1
126b-2-0-0;40699
126b-3-0-0;algemene regeling (2.7.68)
126b-3-a-0;algemene regeling (2.7.68)
126b-3-b-0;algemene regeling (2.7.68)
126c-1-0-0;40699
126c-2-0-0;40699
126d-0-0-0;"algemene regeling (B2T7.5); 2.7.15"
126e-1-0-0;vervallen (mvt)
126e-2-0-0;vervallen (mvt)
126e-3-0-0;vervallen (mvt)
126f-1-0-0;vervallen (mvt)
126f-2-0-0;vervallen (mvt)
126f-3-0-0;vervallen (mvt)
126f-4-0-0;vervallen (mvt)
126f-5-0-0;vervallen (mvt)
126fa-1-0-0;vervallen (mvt)
126fa-2-0-0;vervallen (mvt)
126g-1-0-0;2.8.7, 1
126g-2-0-0;2.8.7, 4
126g-3-0-0;2.8.7, 3
126g-4-0-0;2.8.7, 2
126g-5-0-0;Besluit B2
126g-5-a-0;Besluit B2
126g-5-b-0;Besluit B2
126g-5-c-0;Besluit B2
126g-5-d-0;Besluit B2
126g-5-e-0;Besluit B2
126g-5-f-0;Besluit B2
126g-6-0-0;algemene regeling (2.1.14)
126g-7-0-0;2.8.1, 3
126g-8-0-0;2.8.1, 2
126g-9-0-0;"2.8.19; Besluit B2"
126h-1-0-0;2.8.12, 1
126h-2-0-0;2.1.4
126h-3-0-0;2.8.12, 1
126h-3-a-0;Besluit B2
126h-3-b-0;Besluit B2
126h-3-c-0;Besluit B2
126h-3-d-0;"2.8.12, 3; Besluit B2"
126h-3-e-0;Besluit B2
126h-4-0-0;2.8.12, 2
126h-5-0-0;43504
126h-6-0-0;algemene regeling (2.8.1)
126i-1-0-0;2.8.10, 1
126i-1-a-0;40217
126i-1-b-0;40217
126i-1-c-0;40217
126i-2-0-0;2.1.4
126i-3-0-0;2.8.10, 1
126i-3-a-0;Besluit B2
126i-3-b-0;Besluit B2
126i-3-c-0;Besluit B2
126i-3-d-0;"2.8.10, 2; Besluit B2"
126i-3-e-0;Besluit B2
126i-4-0-0;43869
126i-5-0-0;algemene regeling (2.8.1)
126j-1-0-0;2.8.11, 1
126j-2-0-0;2.8.11, 3
126j-3-0-0;Besluit B2
126j-3-a-0;Besluit B2
126j-3-b-0;Besluit B2
126j-3-c-0;Besluit B2
126j-3-d-0;Besluit B2
126j-4-0-0;2.8.11, 5
126j-5-0-0;43869
126j-6-0-0;algemene regeling (2.8.1)
126k-1-0-0;2.8.9, 1
126k-1-a-0;2.8.9, 1, a
126k-1-b-0;2.8.9, 1, b
126k-1-c-0;2.8.9, 1, c
126k-2-0-0;2.8.9, 1
126k-2-a-0;Besluit B2
126k-2-b-0;Besluit B2
126k-2-c-0;Besluit B2
126k-2-d-0;Besluit B2
126k-2-e-0;Besluit B2
126k-3-0-0;algemene regeling (2.8.1)
126l-1-0-0;2.8.15, 1
126l-2-0-0;2.8.15, 4
126l-3-0-0;2.8.16, 1
126l-3-a-0;Besluit B2
126l-3-b-0;Besluit B2
126l-3-c-0;Besluit B2
126l-3-d-0;Besluit B2
126l-3-e-0;Besluit B2
126l-3-f-0;Besluit B2
126l-4-0-0;2.8.15, 1 en 5
126l-5-0-0;2.8.15, 3
126l-6-0-0;algemene regeling (2.8.1)
126l-7-0-0;algemene regeling (B2T1.5)
126l-8-0-0;algemene regeling (2.1.10)
126m-1-0-0;2.8.13, 1
126m-2-0-0;2.8.13, 1
126m-2-a-0;Besluit B2
126m-2-b-0;Besluit B2
126m-2-c-0;Besluit B2
126m-2-d-0;Besluit B2
126m-2-e-0;Besluit B2
126m-3-0-0;2.8.13, 4
126m-4-0-0;2.8.13, 5
126m-5-0-0;2.8.13, 2
126m-6-0-0;2.8.13, 7
126m-7-0-0;2.8.13, 7
126m-8-0-0;"algemene regeling (B2T7.5); algemene regeling
(2.8.1); algemene regeling (2.1.13)"
126m-9-0-0;vervallen (mvt)
126ma-1-0-0;Boek 8
126ma-2-0-0;Boek 8
126ma-3-0-0;Boek 8
126n-1-0-0;2.7.46, 1
126n-1-a-0;2.7.46, 1
126n-1-b-0;"2.7.49, 1; Besluit B2"
126n-2-0-0;"2.7.46,  2; 2.7.58"
126n-3-0-0;"2.7.49, 4; Besluit B2"
126n-4-0-0;Besluit B2
126n-4-a-0;Besluit B2
126n-4-b-0;Besluit B2
126n-4-c-0;Besluit B2
126n-4-d-0;Besluit B2
126n-4-e-0;Besluit B2
126n-5-0-0;2.7.49, 6
126n-6-0-0;56652
126na-1-0-0;2.7.47, 3
126na-2-0-0;2.7.47, 4
126na-3-0-0;Besluit B2
126na-4-0-0;56652
126nb-1-0-0;2.8.14, 1, a
126nb-2-0-0;2.8.14, 1, a
126nb-3-0-0;"2.8.14, 2; Besluit B2"
126nb-3-a-0;Besluit B2
126nb-3-b-0;Besluit B2
126nb-4-0-0;bepaling over gegevensverwerking
126nba-1-0-0;2.8.16, 1
126nba-1-a-0;2.8.16, 1, a
126nba-1-b-0;2.8.16, 1, b
126nba-1-c-0;2.8.16, 1, c
126nba-1-d-0;2.8.16, 1, d en 2
126nba-1-e-0;2.8.16, 1, e en 2
126nba-2-0-0;2.8.16, 1
126nba-2-a-0;Besluit B2
126nba-2-b-0;Besluit B2
126nba-2-c-0;Besluit B2
126nba-2-d-0;Besluit B2
126nba-2-e-0;Besluit B2
126nba-2-f-0;Besluit B2
126nba-2-g-0;Besluit B2
126nba-2-h-0;Besluit B2
126nba-3-0-0;2.8.13, 3
126nba-4-0-0;algemene regeling (B2T1.5)
126nba-5-0-0;algemene regeling (B2T1.5)
126nba-6-0-0;2.8.16, 4
126nba-7-0-0;2.8.16, 7
126nba-8-0-0;2.8.16, 5
126nba-8-a-0;2.8.16, 5, a
126nba-8-b-0;2.8.16, 5, b
126nba-9-0-0;2.8.16, 6
126nc-1-0-0;2.7.46, 1 en 4
126nc-2-0-0;2.7.46, 4
126nc-2-a-0;2.7.46, 4, a
126nc-2-b-0;2.7.46, 4, b
126nc-2-c-0;2.7.46, 4, d
126nc-2-d-0;2.7.46, 4, c
126nc-3-0-0;"2.7.2; 2.7.58; 2.7.46, 3"
126nc-4-0-0;2.7.46, 1
126nc-4-a-0;Besluit B2
126nc-4-b-0;Besluit B2
126nc-4-c-0;Besluit B2
126nc-4-d-0;Besluit B2
126nc-5-0-0;algemene regeling (B2T1.5)
126nc-6-0-0;algemene regeling 2.1.10
126nc-6-a-0;Besluit B2
126nc-6-b-0;Besluit B2
126nc-6-c-0;Besluit B2
126nc-6-d-0;Besluit B2
126nc-7-0-0;56652
126nd-1-0-0;2.7.46, 1
126nd-2-0-0;"2.7.2; 2.7.46, 2 en 3; 2.7.58"
126nd-3-0-0;2.7.46, 1
126nd-3-a-0;Besluit B2
126nd-3-b-0;Besluit B2
126nd-3-c-0;Besluit B2
126nd-4-0-0;2.7.44, 1 en 2
126nd-5-0-0;algemene regeling 2.1.10
126nd-5-a-0;Besluit B2
126nd-5-b-0;Besluit B2
126nd-5-c-0;Besluit B2
126nd-5-d-0;Besluit B2
126nd-5-e-0;Besluit B2
126nd-6-0-0;2.7.68, 2
126nd-7-0-0;56652
126nda-1-0-0;2.7.46, 1 en 4, e
126nda-2-0-0;"2.7.2; 2.7.46, 2 en 3; 2.7.58"
126nda-3-0-0;"2.7.44, 1; Besluit B2"
126nda-4-0-0;Besluit B2
126nda-4-a-0;Besluit B2
126nda-4-b-0;Besluit B2
126nda-4-c-0;Besluit B2
126nda-4-d-0;Besluit B2
126ne-1-0-0;"2.7.49, 1 en 3; 2.7.55; Besluit B2"
126ne-2-0-0;2.7.49, 6 en 7
126ne-3-0-0;2.7.49, 2
126nf-1-0-0;2.7.46, 1
126nf-2-0-0;"2.7.2; 2.7.58"
126nf-3-0-0;algemene regeling (B2T1.5)
126nf-4-0-0;"2.7.44, 1; 2.7.55; Besluit B2"
126ng-1-0-0;"2.7.46, 1; 2.7.47, 1"
126ng-2-0-0;"2.7.46, 1; 2.7.48, 1"
126ng-3-0-0;"2.7.2; 2.7.58"
126ng-4-0-0;2.4.48, 1
126ng-5-0-0;"2.7.44, 1; 2.7.55; Besluit B2"
126nh-1-0-0;55556
126nh-2-0-0;"2.7.2; 2.7.58"
126ni-1-0-0;"2.7.2; 2.7.45, 1"
126ni-2-0-0;2.7.45, 2
126ni-3-0-0;amvb 4.3.8
126ni-3-a-0;Besluit B2
126ni-3-b-0;Besluit B2
126ni-3-c-0;Besluit B2
126ni-3-d-0;Besluit B2
126ni-3-e-0;Besluit B2
126ni-4-0-0;algemene regeling 2.1.10
126ni-4-a-0;Besluit B2
126ni-4-b-0;Besluit B2
126ni-4-c-0;Besluit B2
126ni-5-0-0;2.7.45, 3
126o-1-0-0;2.8.7, 1
126o-2-0-0;2.8.7, 4
126o-3-0-0;2.8.7, 3
126o-4-0-0;2.8.7, 1
126o-4-a-0;Besluit B2
126o-4-b-0;Besluit B2
126o-4-c-0;Besluit B2
126o-4-d-0;Besluit B2
126o-4-e-0;Besluit B2
126o-4-f-0;Besluit B2
126o-5-0-0;"2.8.1, 2 en 3; 2.8.7, 2"
126o-6-0-0;"2.8.20; Besluit B2"
126p-1-0-0;"2.8.12, 1; 2.8.22"
126p-2-0-0;2.1.4
126p-3-0-0;2.8.12, 1
126p-3-a-0;Besluit B2
126p-3-b-0;Besluit B2
126p-3-c-0;"2.8.12, 3; Besluit B2"
126p-3-d-0;Besluit B2
126p-4-0-0;"2.8.12, 2; 2.8.20"
126p-5-0-0;algemene regeling (2.8.1)
126q-1-0-0;"2.8.10; 2.8.22"
126q-1-a-0;2.8.10, 1
126q-1-b-0;2.8.10, 1
126q-1-c-0;2.8.10, 1
126q-2-0-0;2.1.4
126q-3-0-0;2.8.10, 1
126q-3-a-0;Besluit B2
126q-3-b-0;Besluit B2
126q-3-c-0;Besluit B2
126q-3-d-0;"2.8.10, 2; Besluit B2"
126q-3-e-0;Besluit B2
126q-4-0-0;43869
126q-5-0-0;algemene regeling (2.8.1)
126qa-1-0-0;"2.8.11, 1; 2.8.22"
126qa-2-0-0;2.8.11, 3
126qa-3-0-0;2.8.11, 1
126qa-3-a-0;Besluit B2
126qa-3-b-0;Besluit B2
126qa-3-c-0;Besluit B2
126qa-3-d-0;Besluit B2
126qa-3-e-0;Besluit B2
126qa-4-0-0;"2.8.11, 4; 2.8.20"
126qa-5-0-0;algemene regeling (2.8.1)
126r-1-0-0;"2.8.9, 1; 2.8.22"
126r-1-a-0;2.8.9, 1, a
126r-1-b-0;2.8.9, 1, b
126r-1-c-0;2.8.9, 1, c
126r-2-0-0;2.8.9, 1
126r-2-a-0;Besluit B2
126r-2-b-0;Besluit B2
126r-2-c-0;Besluit B2
126r-2-d-0;Besluit B2
126r-2-e-0;Besluit B2
126r-3-0-0;algemene regeling (2.8.1)
126s-1-0-0;"2.8.15, 1; 2.8.22"
126s-2-0-0;2.8.15, 4
126s-3-0-0;2.8.15, 1
126s-3-a-0;Besluit B2
126s-3-b-0;Besluit B2
126s-3-c-0;Besluit B2
126s-3-d-0;Besluit B2
126s-3-e-0;Besluit B2
126s-3-f-0;Besluit B2
126s-4-0-0;algemene regeling (2.1.14)
126s-5-0-0;2.8.15, 3
126s-6-0-0;algemene regeling  (2.8.1)
126s-7-0-0;algemene regeling (2.1.14)
126s-8-0-0;algemene regeling (2.1.10)
126t-1-0-0;2.8.13, 1
126t-2-0-0;2.8.13, 1
126t-2-a-0;Besluit B2
126t-2-b-0;Besluit B2
126t-2-c-0;Besluit B2
126t-2-d-0;Besluit B2
126t-2-e-0;Besluit B2
126t-2-f-0;Besluit B2
126t-3-0-0;2.8.13, 4
126t-4-0-0;2.8.13, 5
126t-5-0-0;2.8.13, 2
126t-6-0-0;2.8.13, 7
126t-7-0-0;2.7.2
126t-8-0-0;"2.8.13, 7; algemene regeling 2.1.14; algemene
regeling 2.8.1; 2.7.58"
126t-9-0-0;vervallen (mvt)
126ta-1-0-0;Boek 8
126ta-2-0-0;Boek 8
126ta-3-0-0;Boek 8
126u-1-0-0;"2.7.53; 2.7.47, 1"
126u-1-a-0;2.7.47, 1
126u-1-b-0;"2.7.49, 1; Besluit B2"
126u-2-0-0;"2.7.47, 2; 2.7.58"
126u-3-0-0;"2.7.49, 4; Besluit B2"
126u-4-0-0;Besluit B2
126u-4-a-0;Besluit B2
126u-4-b-0;Besluit B2
126u-4-c-0;Besluit B2
126u-4-d-0;Besluit B2
126u-4-e-0;Besluit B2
126u-5-0-0;2.7.49, 6
126u-6-0-0;56652
126ua-1-0-0;"2.7.47, 3; 2.7.53"
126ua-2-0-0;2.7.47, 4
126ua-3-0-0;Besluit B2
126ua-4-0-0;56652
126ub-0-0-0;2.8.14, 1, a, en 2
126uba-1-0-0;"2.8.16, 1; 2.8.22"
126uba-1-a-0;2.8.16, 1, a
126uba-1-b-0;2.8.16, 1, b
126uba-1-c-0;2.8.16, 1, c
126uba-1-d-0;2.8.16, 1, d en 2
126uba-1-e-0;2.8.16, 1, e en 2
126uba-2-0-0;2.8.1, 1
126uba-2-a-0;Besluit B2
126uba-2-b-0;Besluit B2
126uba-2-c-0;Besluit B2
126uba-2-d-0;Besluit B2
126uba-2-e-0;Besluit B2
126uba-2-f-0;Besluit B2
126uba-2-g-0;Besluit B2
126uba-2-h-0;Besluit B2
126uba-3-0-0;2.8.16, 3, 4, 5, en 7
126uc-1-0-0;"2.7.46, 1 en 4; 2.7.53, a"
126uc-2-0-0;"2.7.2; 2.7.46, 1 en 4; algemene regeling 2.1.13"
126uc-3-0-0;algemene regeling 2.1.10
126uc-3-a-0;Besluit B2
126uc-3-b-0;Besluit B2
126uc-3-c-0;Besluit B2
126uc-3-d-0;Besluit B2
126ud-1-0-0;"2.7.46, 1; 2.7.53, a"
126ud-2-0-0;"2.7.2; 2.7.46, 2 en 3; 2.7.44, 1 en 2; 2.7.55"
126ud-3-0-0;algemene regeling 2.1.10
126ud-3-a-0;Besluit B2
126ud-3-b-0;Besluit B2
126ud-3-c-0;Besluit B2
126ud-3-d-0;Besluit B2
126ud-3-e-0;Besluit B2
126ue-1-0-0;"2.7.49; 2.7.2; 2.7.46; 2.7.53, a; algemene regeling
2.1.9; Besluit B2"
126ue-2-0-0;2.7.49, 6 en 7
126ue-3-0-0;2.7.49, 2
126uf-1-0-0;"2.7.46, 3; 2.7.53, a"
126uf-2-0-0;"2.7.2; 2.7.46, 2; 2.7.44; 2.7.56; Besluit B2; algemene
regeling 2.1.13"
126uf-3-0-0;algemene regeling 2.1.10
126uf-3-a-0;Besluit B2
126uf-3-b-0;Besluit B2
126uf-3-c-0;Besluit B2
126uf-3-d-0;Besluit B2
126uf-3-e-0;Besluit B2
126ug-1-0-0;"2.7.46, 1; 2.7.47, 1"
126ug-2-0-0;"2.7.48, 1; 2.7.53, a"
126ug-3-0-0;"2.7.2; 2.7.58"
126ug-4-0-0;2.7.48, 1
126ug-5-0-0;Besluit B2
126uh-1-0-0;55556
126uh-2-0-0;"2.7.2; 2.7.58"
126ui-1-0-0;"2.7.45, 1; 2.7.2; 2.7.53, a"
126ui-2-0-0;"2.7.45, 2 en 3; algemene regeling 2.1.10; Besluit B2"
126v-1-0-0;2.8.19, 1, b
126v-2-0-0;2.8.19, 3
126v-2-a-0;Besluit B2
126v-2-b-0;Besluit B2
126v-2-c-0;Besluit B2
126v-2-d-0;Besluit B2
126v-2-e-0;Besluit B2
126v-3-0-0;2.8.19, 4
126v-3-a-0;2.8.19, 4, b en c
126v-3-b-0;2.8.19, 4, d
126v-4-0-0;2.8.19, 5 en 7
126w-1-0-0;2.8.19, 1, c
126w-2-0-0;2.8.19, 2
126w-3-0-0;2.8.19, 8
126w-4-0-0;2.8.19, 3
126w-4-a-0;Besluit B2
126w-4-b-0;Besluit B2
126w-4-c-0;Besluit B2
126w-5-0-0;2.8.19, 4
126w-5-a-0;2.8.19, 4, b en c
126w-5-b-0;2.8.19, 4, d
126w-6-0-0;2.8.19, 9
126w-7-0-0;2.8.19, 7
126w-8-0-0;2.8.19, 5 en 6
126x-1-0-0;"2.8.19, 1, c; 2.8.22"
126x-2-0-0;2.8.19, 2
126x-3-0-0;2.8.19, 8
126x-4-0-0;"2.8.19, 3, 4, 5, 6, 7, 9; Besluit B2"
126ij-1-0-0;"2.8.19, 1; 2.8.23"
126ij-1-a-0;2.8.19, 1, a
126ij-1-b-0;2.8.19, 1, a
126ij-1-c-0;2.8.19, 1, a
126ij-2-0-0;2.8.19, 2
126ij-3-0-0;2.8.19, 8
126ij-4-0-0;2.8.19, 1
126ij-4-a-0;Besluit B2
126ij-4-b-0;Besluit B2
126ij-4-c-0;Besluit B2
126ij-5-0-0;2.8.19, 4
126ij-5-a-0;2.8.19, 4, b en c
126ij-5-b-0;2.8.19, 4, d
126ij-6-0-0;2.8.19, 5, 6, 7
126z-1-0-0;"2.8.19, 1, a; 2.8.22"
126z-2-0-0;2.8.19, 2
126z-3-0-0;2.8.19, 8
126z-4-0-0;"2.8.19, 4, 5, 6 en 7; Besluit B2"
126za-1-0-0;2.8.1, 1 en 2
126za-2-0-0;Besluit B2
126za-3-0-0;algemene regeling (B2T1.5)
126za-4-0-0;2.1.15, 2
126za-5-0-0;2.8.1, 2
126zb-1-0-0;algemene regeling (B2T1.5)
126zb-2-0-0;algemene regeling (B2T1.5)
126zb-3-0-0;algemene regeling (B2T1.5)
126zc-0-0-0;43869
126zd-1-0-0;2.8.22, 2
126zd-1-a-0;2.8.7, 1
126zd-1-b-0;2.8.10, 1
126zd-1-c-0;2.8.11, 1
126zd-1-d-0;2.8.9, 1
126zd-2-0-0;2.1.4
126zd-3-0-0;2.8.7, 4
126zd-4-0-0;2.8.7, 3
126zd-5-0-0;2.8.7, 2
126ze-1-0-0;"2.8.12, 1; 2.8.22, 2"
126ze-2-0-0;2.1.4
126ze-3-0-0;2.8.12, 1
126ze-3-a-0;Besluit B2
126ze-3-b-0;Besluit B2
126ze-3-c-0;Besluit B2
126zf-1-0-0;"2.8.15, 1; 2.8.22, 2"
126zf-2-0-0;2.8.15, 4
126zf-3-0-0;"2.8.15, 1; Besluit B2"
126zf-3-a-0;Besluit B2
126zf-3-b-0;Besluit B2
126zf-3-c-0;Besluit B2
126zf-4-0-0;2.8.15, 3
126zf-5-0-0;algemene regeling 2.1.10
126zg-1-0-0;"2.8.13, 1; 2.8.22, 2"
126zg-2-0-0;"2.8.13, 1; Besluit B2"
126zg-2-a-0;Besluit B2
126zg-2-b-0;Besluit B2
126zg-2-c-0;Besluit B2
126zg-3-0-0;2.8.13, 4
126zg-4-0-0;2.8.13, 5
126zg-5-0-0;2.8.13, 2 en 7
126zga-1-0-0;Boek 8
126zga-2-0-0;Boek 8
126zga-3-0-0;Boek 8
126zh-1-0-0;"2.7.46, 1; 2.7.53"
126zh-1-a-0;2.7.46, 1
126zh-1-b-0;"2.7.49, 1; Besluit B2"
126zh-2-0-0;"2.7.47, 1; 2.7.49, 4 en 6; 2.7.58; Besluit B2"
126zi-1-0-0;"2.7.47, 2 en 3; 2.7.53; 2.7.58"
126zi-2-0-0;2.7.48, 4
126zi-3-0-0;"2.7.55; Besluit B2"
126zj-0-0-0;"2.8.14, 1, a en 2; Besluit B2"
126zja-1-0-0;"2.7.45, 1; 2.7.2; 2.7.53"
126zja-2-0-0;"2.7.46, 2 en 3; algemene regeling 2.1.9; amvb 3.1.1;
amvb 4.3.8"
126zk-1-0-0;"2.7.46, 1; 2.7.53"
126zk-2-0-0;"2.7.46, 1 en 3; 2.7.55; 2.7.58; 2.7.2; Besluit B2"
126zl-1-0-0;"2.7.46, 1; 2.7.53"
126zl-2-0-0;"2.7.46, 1, 2 en 3; 2.7.2; 2.7.53; 2.7.58;  algemene
regeling 2.1.10; Besluit B2"
126zm-1-0-0;"2.7.49, 1 en 3; 2.7.46, 1, 2 en 3; 2.7.2; 2.7.53;
2.7.58;  algemene regeling 2.1.10; Besluit B2"
126zm-2-0-0;2.7.49, 6 en 7
126zm-3-0-0;2.7.49, 2
126zn-1-0-0;"2.7.46, 3; 2.7.53"
126zn-2-0-0;"2.7.2; 2.7.44; 2.7.55; 2.7.58; Besluit B2"
126zo-1-0-0;"2.7.47, 1; 2.7.53"
126zo-2-0-0;2.7.48, 1
126zo-3-0-0;"2.7.2; 2.7.44; 2.7.55; 2.7.58; Besluit B2"
126zp-1-0-0;55556
126zp-2-0-0;"2.7.2; 2.7.58"
126zpa-1-0-0;"2.8.16, 1; 2.7.53"
126zpa-1-a-0;2.8.16, 1, a
126zpa-1-b-0;2.8.16, 1, b
126zpa-1-c-0;2.8.16, 1, c
126zpa-1-d-0;2.8.16, 1, d en 2
126zpa-1-e-0;2.8.16, 1, e en 2
126zpa-2-0-0;2.8.16, 1
126zpa-2-a-0;Besluit B2
126zpa-2-b-0;Besluit B2
126zpa-2-c-0;Besluit B2
126zpa-2-d-0;Besluit B2
126zpa-2-e-0;Besluit B2
126zpa-2-f-0;Besluit B2
126zpa-3-0-0;2.8.16, 3, 4, 5, 6, 7
126zq-1-0-0;6.5.6, 1
126zq-2-0-0;6.5.6, 2
126zq-3-0-0;6.5.6, 3
126zq-4-0-0;6.5.6, 4
126zr-1-0-0;6.5.7, 1
126zr-2-0-0;6.5.7, 2
126zr-2-a-0;6.5.7, 2, a
126zr-2-b-0;6.5.7, 2, b
126zr-2-c-0;6.5.7, 2, c
126zr-3-0-0;6.5.7, 3
126zs-1-0-0;6.5.8, 1
126zs-2-0-0;6.5.8, 2
126zs-3-0-0;6.5.8, 3
126zs-4-0-0;6.5.8, 4
126zsa-0-0-0;vervallen (mvt)
126zt-1-0-0;"2.8.19, 1; 2.8.22"
126zt-1-a-0;2.8.19, 1, a
126zt-1-b-0;2.8.19, 1, b
126zt-2-0-0;2.8.19, 2, 4, 7, 8
126zt-3-0-0;2.8.19, 4, 5
126zu-1-0-0;"2.8.19, 1, c; 2.8.22"
126zu-2-0-0;"2.8.19, 3, 4, 5, 9; Besluit B2"
126aa-1-0-0;algemene regeling (B1T8.1)
126aa-2-0-0;2.8.3, 1, 2 en 3
126aa-3-0-0;algemene regeling (B1T8.1)
126aa-4-0-0;algemene regeling (B1T8.1)
126aa-5-0-0;algemene regeling (B1T8.1)
126bb-1-0-0;"2.7.51, 1; 2.8.2, 1"
126bb-2-0-0;"2.7.51, 1; 2.8.2, 2"
126bb-2-a-0;"2.7.51, 1; 2.8.2, 2, a"
126bb-2-b-0;2.8.2, 2, b
126bb-2-c-0;2.8.2, 2, c
126bb-3-0-0;"2.7.51, 2; 2.8.2, 3"
126bb-4-0-0;2.7.51, 3
126bb-5-0-0;2.7.36, 1
126cc-1-0-0;bepaling over gegevensverwerking
126cc-2-0-0;bepaling over gegevensverwerking
126cc-3-0-0;bepaling over gegevensverwerking
126cc-4-0-0;bepaling over gegevensverwerking
126cc-5-0-0;bepaling over gegevensverwerking
126cc-6-0-0;bepaling over gegevensverwerking
126dd-1-0-0;bepaling over gegevensverwerking
126dd-1-a-0;bepaling over gegevensverwerking
126dd-1-b-0;bepaling over gegevensverwerking
126dd-2-0-0;bepaling over gegevensverwerking
126ee-0-0-0;2.8.4
126ee-0-a-0;2.8.4, a
126ee-0-b-0;2.8.4, c
126ee-0-c-0;2.8.4, d
126ee-0-d-0;2.8.4, e
126ee-0-e-0;2.8.4, f
126ff-1-0-0;2.8.5, 1
126ff-2-0-0;2.8.5, 2
126ff-3-0-0;2.8.5, 2
126ff-3-a-0;Besluit B2
126ff-3-b-0;Besluit B2
126ff-3-c-0;Besluit B2
126ff-4-0-0;2.8.5, 3
126ffa-1-0-0;2.8.6, 1
126ffa-2-0-0;2.8.6, 1
126ffa-2-a-0;Besluit B2
126ffa-2-b-0;Besluit B2
126ffa-3-0-0;2.8.6, 1
126ffa-4-0-0;2.8.6, 2
126gg-1-0-0;2.9.1, 1
126gg-2-0-0;2.9.1, 2, b
126hh-1-0-0;"2.9.1, 2; 2.8.22; 2.7.53"
126hh-2-0-0;bepaling over gegevensverwerking
126hh-3-0-0;bepaling over gegevensverwerking
126hh-4-0-0;bepaling over gegevensverwerking
126hh-4-a-0;bepaling over gegevensverwerking
126hh-4-b-0;bepaling over gegevensverwerking
126hh-4-c-0;bepaling over gegevensverwerking
126hh-5-0-0;bepaling over gegevensverwerking
126hh-5-a-0;bepaling over gegevensverwerking
126hh-5-b-0;bepaling over gegevensverwerking
126hh-6-0-0;bepaling over gegevensverwerking
126hh-7-0-0;bepaling over gegevensverwerking
126ii-1-0-0;"2.9.1; 2.8.22;2.7.53; 2.7.46, 1"
126ii-2-0-0;"2.7.47, 1 en 3; 2.9.1."
126ii-3-0-0;algemene regeling 2.1.10
126ii-3-a-0;Besluit B2
126ii-3-b-0;Besluit B2
126jj-1-0-0;6.5.13, 1
126jj-2-0-0;6.5.13, 2 en 4
126jj-3-0-0;6.5.13, 3
126jj-3-a-0;6.5.13, 3, a
126jj-3-b-0;6.5.13, 3, b
126jj-3-0-0;bepaling over gegevensverwerking
126jj-4-0-0;Besluit B2
126jj-4-a-0;Besluit B2
126jj-4-b-0;Besluit B2
126jj-4-c-0;Besluit B2
126jj-4-d-0;Besluit B2
126jj-4-e-0;Besluit B2
126jj-4-0-0;Besluit B2
126jj-5-0-0;bepaling over gegevensverwerking
126jj-6-0-0;6.5.13, 5
126jj-7-0-0;6.5.13, 6
127-0-0-0;1.1.5
127a-0-0-0;43101
128-1-0-0;2.1.1
128-2-0-0;2.1.1
129-0-0-0;41640
130-0-0-0;1.1.13, 1
131-0-0-0;1.1.10, 2
131a-1-0-0;1.11.3, 1
131a-2-0-0;1.11.3, 2 en 3
131a-3-0-0;algemene regeling 5.1.1
131a-4-0-0;1.11.5, 1
131a-4-a-0;1.11.5, 1, a
131a-4-b-0;1.11.5, 1, b
131b-0-0-0;1.11.6, 4
132-0-0-0;vervallen (mvt)
132a-0-0-0;1.1.6
133-0-0-0;2.1.1
134-1-0-0;2.1.1
134-2-0-0;vervallen (mvt)
134-2-a-0;vervallen (mvt)
134-2-b-0;vervallen (mvt)
134-2-c-0;vervallen (mvt)
134-2-d-0;vervallen (mvt)
134-3-0-0;2.7.29, 5
135-0-0-0;vervallen
135a-1-0-0;"4.2.66, 1; 4.5.7, 3"
135a-2-0-0;"4.5.4, 5; 4.1.13, 1"
136-1-0-0;1.1.13, 2
136-2-0-0;vervallen (mvt)
136a-1-0-0;B6H3
136a-1-0-0;B6H3
136a-1-0-0;B6H3
136a-1-0-0;B6H3
136a-1-0-0;B6H3
136a-2-0-0;B6H3
136a-2-0-0;B6H3
136a-2-0-0;B6H3
136a-3-0-0;B6H3
136a-4-0-0;B6H3
136b-1-0-0;B6H3
136b-2-0-0;B6H3
136c-0-0-0;42370
136d-0-0-0;42736
137-0-0-0;vervallen (mvt)
138-0-0-0;"1.1.8; 1.1.9, 1"
138-0-0-0;vervallen (mvt)
138-0-0-0;1.1.8, 1
138-0-0-0;1.1.8, 2
138-0-0-0;1.1.9, 1
138a-0-0-0;vervallen (mvt)
138b-0-0-0;vervallen (mvt)
138c-0-0-0;vervallen (mvt)
138d-0-0-0;42005
138e-0-0-0;1.1.12, 1
138f-0-0-0;1.1.12, 2
138g-0-0-0;2.1.1
138h-0-0-0;2.1.1
140-0-0-0;1.3.1, 1
140a-0-0-0;2.1.6
141-0-0-0;40181
141-0-a-0;1.3.10, a
141-0-b-0;1.3.10, b
141-0-c-0;1.3.10, c
141-0-d-0;1.3.10, d
142-1-0-0;1.3.11, 1
142-1-a-0;1.3.11, 1, a
142-1-b-0;1.3.11, 1, b
142-1-c-0;1.3.11, 1, c
142-2-0-0;1.3.11, 2
142-3-0-0;1.3.11, 3
142-4-0-0;1.3.11, 4
142-5-0-0;1.3.11, 5
146-1-0-0;1.3.12, 2
146-2-0-0;1.3.16, 2
146a-0-0-0;1.3.13, 1 en 2
146a-0-a-0;1.3.13, 1, a
146a-0-b-0;1.3.13, 1, b
146a-0-c-0;1.3.13, 1, b
146a-0-d-0;1.3.13, 1, c en d
147-1-0-0;1.11.9, 1
147-2-0-0;1.11.9, 2
148-1-0-0;1.3.12, 1
148-2-0-0;41642
148-3-0-0;algemene regeling 2.1.10
148a-1-0-0;1.3.7
148a-2-0-0;"1.3.14; algemene regeling 2.1.10"
148b-1-0-0;1.3.7
148b-2-0-0;"1.3.14; algemene regeling 2.1.10"
148ba-1-0-0;1.3.7
148ba-2-0-0;"1.3.14; algemene regeling 2.1.10"
148c-0-0-0;42738
149-0-0-0;vervallen
149a-1-0-0;1.8.2, 1
149a-2-0-0;1.8.1
149a-3-0-0;1.8.11, 2
149a-4-0-0;1.8.11, 1
149b-1-0-0;1.8.3, 1
149b-2-0-0;1.8.3, 2
149b-3-0-0;1.8.3, 3
150-1-0-0;2.4.1, 1
150-2-0-0;"1.7.5, 2; 2.4.1, 2"
150a-1-0-0;"2.4.2, 1; 2.4.3, 1, a"
150a-2-0-0;2.4.2, 5
150a-3-0-0;2.4.3, 1, b
150a-4-0-0;2.4.2, 5
150b-1-0-0;2.4.3, 4
150b-2-0-0;algemene regeling B2H10
150b-3-0-0;algemene regeling B2H10
150c-1-0-0;2.4.3, 5
150c-2-0-0;2.4.4, 1
150c-3-0-0;2.4.4, 2
151-1-0-0;2.7.67, 1
151-2-0-0;2.7.67, 2
151-3-0-0;2.7.67, 3
151a-1-0-0;"2.6.17, 2, 3 en 7; 2.6.4, b"
151a-2-0-0;Besluit B2
151a-3-0-0;2.6.17, 2
151a-4-0-0;Besluit B2
151a-5-0-0;2.6.17, 6
151a-6-0-0;Besluit B2
151a-7-0-0;Besluit B2
151a-8-0-0;bepaling over gegevensverwerking
151a-9-0-0;Besluit B2
151a-10-0-0;Besluit B2
151a-11-0-0;2.6.5, 4
151b-1-0-0;2.6.17, 1 en 6
151b-2-0-0;vervallen (mvt)
151b-3-0-0;2.6.17, 4
151b-4-0-0;2.6.17, 5
151b-5-0-0;2.6.5, 3
151d-1-0-0;2.6.19, 1
151d-2-0-0;2.6.19, 1
151d-3-0-0;2.6.19, 2
151d-4-0-0;2.6.19, 1
151d-5-0-0;2.6.5, 3
151da-1-0-0;2.6.18, 1
151da-2-0-0;2.6.18, 4 en 5
151da-3-0-0;2.6.18, 2 en 3
151da-4-0-0;2.6.5, 3
151e-1-0-0;2.6.20, 1
151e-2-0-0;2.6.20, 2
151e-3-0-0;2.6.20, 3
151e-4-0-0;2.6.20, 3
151e-5-0-0;2.6.20, 4
151e-6-0-0;2.6.5, 3
151f-1-0-0;algemene regeling B2H4
151f-2-0-0;2.6.20, 5
151f-3-0-0;algemene regeling B2H4
151f-4-0-0;algemene regeling B2H4
151f-5-0-0;2.4.4, 2
151g-1-0-0;2.6.23, 1
151g-2-0-0;2.6.23, 2
151g-3-0-0;2.6.27, 1
151h-1-0-0;2.6.21, 1 en 2
151h-2-0-0;2.6.21, 3
151h-3-0-0;"2.6.20, 5; algemene regeling B2H4"
151h-4-0-0;2.6.5, 3
151i-1-0-0;44598
151i-2-0-0;"2.6.20, 5; algemene regeling B2H4"
151i-3-0-0;2.6.5, 3
152-1-0-0;40210
152-2-0-0;"1.3.15; 2.1.10, 4"
153-1-0-0;2.1.11, 1
153-2-0-0;2.1.11, 2
156-1-0-0;2.1.12, 1
156-2-0-0;2.1.12, 1
156-3-0-0;2.1.12, 2
159-0-0-0;40940
160-1-0-0;2.2.3
160-2-0-0;2.2.5
160-3-0-0;2.2.3
161-0-0-0;2.2.1, 1
162-1-0-0;2.2.4, 1
162-1-a-0;2.2.4, 1, a
162-1-b-0;2.2.4, 1, a
162-1-c-0;2.2.4, 1, b
162-2-0-0;vervallen (mvt)
162-3-0-0;2.2.5
162-4-0-0;2.2.4, 2
162-5-0-0;2.2.4, 4
162-6-0-0;2.2.4, 3
162-7-0-0;vervallen (mvt)
163-1-0-0;2.2.6
163-2-0-0;2.2.7, 2
163-3-0-0;2.2.7, 3
163-4-0-0;2.2.8
163-5-0-0;2.2.9, 1
163-6-0-0;2.2.9, 2
163-7-0-0;2.2.9, 3
163-8-0-0;2.2.6
163-9-0-0;2.2.2
163-10-0-0;2.1.12, 2
164-1-0-0;"2.2.1, 2; 2.2.6"
164-2-0-0;"2.2.7, 2 en 3; 2.2.9, 1"
165-1-0-0;2.2.2
165-2-0-0;2.1.11, 2
165a-0-0-0;3.1.1, 5
166-1-0-0;40211
166-2-0-0;2.1.11, 2
166a-1-0-0;40576
166a-2-0-0;40576
166a-3-0-0;40576
166a-4-0-0;40576
167-1-0-0;3.1.1, 1 en 2
167-2-0-0;1.3.4
167a-0-0-0;3.1.1, 4
170-1-0-0;1.2.25, 1
170-2-0-0;1.2.25, 2
171-1-0-0;1.2.27, 1
171-2-0-0;1.2.27, 2
172-1-0-0;"1.2.29; 2.10.10, 1"
172-2-0-0;2.10.10, 2
172-3-0-0;2.10.10, 2
173-0-0-0;1.6.4
174-1-0-0;2.10.10, 5
174-2-0-0;2.10.10, 5
175-1-0-0;vervallen (mvt)
175-2-0-0;vervallen (mvt)
175-3-0-0;vervallen (mvt)
175-4-0-0;2.10.10, 3
176-0-0-0;2.10.52, 1
177-1-0-0;2.10.8
177-2-0-0;1.11.9, 1 en 2
177a-0-0-0;46754
177b-1-0-0;2.6.27, 1
177b-2-0-0;2.6.27, 3
177b-3-0-0;47850
177b-4-0-0;47850
177b-5-0-0;"2.6.20; 2.6.21; 2.6.22; 2.6.23"
178-0-0-0;47485
178a-1-0-0;1.2.26, 4
178a-2-0-0;1.2.26, 5
178a-3-0-0;55194
178a-4-0-0;vervallen (mvt)
179-0-0-0;vervallen (mvt)
180-1-0-0;algemene regeling 1.2.25, 2
180-2-0-0;2.10.67, 1
180-3-0-0;2.10.67, 2
181-1-0-0;2.10.1, 1 en 2
181-2-0-0;algemene regeling 2.10.11, 2
181-3-0-0;"2.10.1, 3; 2.10.5"
182-1-0-0;2.10.2, 1
182-2-0-0;algemene regeling 1.2.26
182-3-0-0;2.10.2, 2
182-4-0-0;2.10,2, 3
182-5-0-0;2.10.5, 2
182-6-0-0;algemene regeling B2T10.7
182-7-0-0;2.10.3, 1, a en 2
183-1-0-0;2.10.4
183-2-0-0;2.10.5, 2 en 4
183-3-0-0;algemene regeling B2T10.7
184-1-0-0;2.10.6, 1 en 2
184-2-0-0;2.10.7, 1 en 2
185-1-0-0;2.10.66, 1
185-2-0-0;2.10.66, 2
186-1-0-0;2.10.18, 1
186-2-0-0;2.10.18, 1
186-3-0-0;2.10.18, 2
186a-1-0-0;"2.10.19, 1; 2.10.28, 1"
186a-2-0-0;2.10.29, 1
186a-3-0-0;"2.10.19, 2; 2.10.28, 2"
187-1-0-0;2.10.29, 2
187-2-0-0;"2.10.29, 3; 2.10.32, 4"
187-3-0-0;2.10.32, 5
187a-0-0-0;40949
187b-1-0-0;2.10.33, 1
187b-2-0-0;2.10.33, 2
187c-0-0-0;2.10.20, 1
187d-1-0-0;2.10.32, 1
187d-1-a-0;2.10.32, 1, a
187d-1-b-0;2.10.32, 1, b
187d-1-c-0;2.10.32, 1, c
187d-2-0-0;algemene regeling 2.10.11
187d-3-0-0;2.10.32, 2
187d-4-0-0;2.10.32, 3
187d-5-0-0;algemene regeling 5.1.1
188-0-0-0;2.10.21, 1
189-1-0-0;2.10.21, 2
189-2-0-0;2.10.21, 2
190-1-0-0;"1.6.1, 1 en 2; 1.7.6, 1 en 2"
190-2-0-0;"2.10.31, 1; 2.10.57, 1"
190-3-0-0;2.10.31, 2
190-4-0-0;2.10.31, 3
190-5-0-0;2.10.31, 4
190-6-0-0;2.10.31, 4
191-1-0-0;"1.11.7, 1, a en 3; 1.11.8, 1"
191-2-0-0;1.11.6, 4 en 5
191-3-0-0;1.11.8, 3
192-1-0-0;2.7.68, 1
192-2-0-0;2.10.16, 1
192-3-0-0;algemene regeling 2.1.10
193-1-0-0;"2.7.68,1 ; 2.7.67, 2"
193-2-0-0;"2.7.68, 1; 2.7.67, 3"
195-1-0-0;"2.6.6, 1; 2.6.7, 1"
195-2-0-0;2.6.7, 1 en 2
195-3-0-0;"2.6.6, 5; 2.6.7, 4"
195-4-0-0;Besluit B2
195-5-0-0;"2.6.6, 5; 2.6.7, 4"
195a-1-0-0;"2.6.17, 2, 3 en 7;"
195a-2-0-0;Besluit B2
195a-3-0-0;Besluit B2
195a-4-0-0;2.6.17, 6
195a-5-0-0;bepaling over gegevensverwerking
195a-6-0-0;2.6.5, 3
195b-1-0-0;algemene regeling B2H4
195b-2-0-0;algemene regeling B2H4
195b-3-0-0;2.4.4, 1
195c-0-0-0;algemene regeling B2H4
195d-1-0-0;2.6.17, 1 en 6
195d-2-0-0;vervallen (mvt)
195d-3-0-0;2.6.17, 4
195d-4-0-0;2.6.17, 5
195d-5-0-0;2.6.5, 1 en 4
195f-1-0-0;2.6.19, 1
195f-2-0-0;2.6.19, 1
195f-3-0-0;2.6.19, 2
195f-4-0-0;2.6.19, 1
195f-5-0-0;2.6.5, 1
195g-1-0-0;2.6.18, 1
195g-2-0-0;2.6.18, 4 en 5
195g-3-0-0;2.6.18, 2 en 3
195g-4-0-0;2.6.5, 1
196-0-0-0;44967
197-1-0-0;2.10.24, 1
197-2-0-0;2.10.24, 2
197-3-0-0;2.10.71, 2, a
197-4-0-0;algemene regeling 1.2.20, 3
198-1-0-0;2.10.25, 1
198-2-0-0;2.10.25, 2
198-3-0-0;2.10.25, 2
198-4-0-0;2.10.25, 3
198-5-0-0;2.10.25, 4
199-0-0-0;vervallen (mvt)
200-0-0-0;41315
202-1-0-0;2.10.16, 1
202-2-0-0;2.10.16, 2
203-0-0-0;vervallen (mvt)
204-0-0-0;vervallen (mvt)
205-0-0-0;41680
206-1-0-0;42045
206-2-0-0;42045
209-0-0-0;44602
210-1-0-0;2.10.26, 1
210-2-0-0;2.10.26, 3
210-3-0-0;2.10.26, 4
211-0-0-0;vervallen (mvt)
212-1-0-0;46428
212-2-0-0;46428
213-1-0-0;2.10.26, 1
213-2-0-0;46428
214-1-0-0;46428
214-2-0-0;46428
215-0-0-0;2.10.30, 1
216-1-0-0;2.10.30, 1
216-1-a-0;vervallen (mvt)
216-1-b-0;vervallen (mvt)
216-1-c-0;vervallen (mvt)
216-2-0-0;2.10.30, 1
216-3-0-0;vervallen (mvt)
216a-1-0-0;2.10.30, 1
216a-2-0-0;2.10.30, 2
216a-3-0-0;2.10.57, 2
216a-4-0-0;2.10.30, 3
217-0-0-0;1.6.5, 1
217-0-0-1;1.6.5, 1, a
217-0-0-2;1.6.5, 1, b
217-0-0-3;1.6.5, 1, c en d
218-0-0-0;1.6.7
218a-1-0-0;1.6.8, 1
218a-2-0-0;1.6.8, 2
219-0-0-0;1.6.6
219a-0-0-0;1.6.9
219b-0-0-0;40184
220-1-0-0;1.6.3, 3
220-2-0-0;1.6.3, 3
221-1-0-0;2.10.34, 1
221-2-0-0;2.10.34, 2
222-1-0-0;2.10.35, 1
222-2-0-0;2.10.35, 2
222-3-0-0;2.10.35, 3
223-1-0-0;2.10.36, 1
223-2-0-0;2.10.36, 2
223-3-0-0;2.10.72, 1
223-4-0-0;2.10.36, 3
224-0-0-0;50081
225-1-0-0;2.10.38, 1
225-2-0-0;2.10.38, 2
225-3-0-0;2.10.38, 3
225-4-0-0;2.10.38, 4
226-1-0-0;1.6.14, 1
226-2-0-0;1.6.14, 2
226a-1-0-0;2.10.39, 1
226a-1-a-0;2.10.39, 1, a
226a-1-b-0;2.10.39, 1, b
226a-1-0-0;algemene regeling 2.10.5
226a-2-0-0;2.10.39, 2
226a-3-0-0;2.10.39, 4
226b-1-0-0;2.10.40, 1
226b-2-0-0;"2.10.72, 2, a; 2.10.73, 1"
226b-3-0-0;2.10.40, 3
226b-4-0-0;algemene regeling 5.1.1
226b-5-0-0;4.2.1, 3
226c-1-0-0;2.10.41, 1
226c-2-0-0;2.10.41, 2
226c-3-0-0;2.10.41, 3
226d-1-0-0;2.10.42, 1
226d-2-0-0;2.10.42, 2
226d-3-0-0;2.10.42, 3
226e-0-0-0;52272
226f-1-0-0;2.10.44, 1
226f-2-0-0;2.10.44, 2
226f-3-0-0;2.10.44, 3
226g-1-0-0;2.10.59, 1
226g-2-0-0;2.10.59, 2
226g-2-a-0;2.10.59, 2, a
226g-2-b-0;2.10.59, 2, b
226g-2-c-0;2.10.59, 2, c
226g-2-d-0;2.10.59, 2, d
226g-3-0-0;2.10.59, 3
226g-4-0-0;2.10.59, 4
226h-1-0-0;2.10.60, 1
226h-2-0-0;2.10.60, 2
226h-3-0-0;2.10.60, 3
226h-4-0-0;2.10.60, 4
226i-1-0-0;58847
226i-2-0-0;2.10.70, 2, c
226i-3-0-0;algemene regeling 5.1.1
226j-1-0-0;2.10.62, 1
226j-2-0-0;2.10.62, 2
226j-3-0-0;2.10.62, 3
226j-4-0-0;2.10.62, 4
226k-1-0-0;2.10.63, 1
226k-2-0-0;2.10.63, 2
226l-1-0-0;1.6.15, 1
226l-2-0-0;1.6.15, 2
226l-3-0-0;1.6.15, 3
226l-4-0-0;1.6.15, 4
226l-5-0-0;1.6.15, 5
226l-6-0-0;1.6.15, 6
226l-7-0-0;1.6.15, 7
226m-1-0-0;2.10.45, 1
226m-2-0-0;2.10.45, 2
226m-3-0-0;algemene regeling 2.10.11
226m-4-0-0;algemene regeling 5.1.1
226n-1-0-0;2.10.46, 1
226n-2-0-0;2.10.46, 2
226n-3-0-0;2.10.46, 3
226o-0-0-0;algemene regeling Afdeling 10.3.1
226p-1-0-0;2.10.47, 1
226p-2-0-0;2.10.47, 2
226p-3-0-0;2.10.47, 3
226p-4-0-0;2.10.47, 4
226p-5-0-0;2.10.47, 5
226q-0-0-0;54098
226r-1-0-0;2.10.49, 1
226r-2-0-0;2.10.49, 2
226s-1-0-0;2.10.50, 1
226s-2-0-0;2.10.50, 2
227-1-0-0;2.10.52, 1
227-2-0-0;2.10.52, 2 en 3
228-1-0-0;2.10.53, 1
228-2-0-0;2.10.53, 2
228-3-0-0;2.10.54, 3
228-4-0-0;vervallen (mvt)
229-1-0-0;2.10.53, 3 en 4
229-2-0-0;2.10.53, 3 en 4
230-1-0-0;2.10.53, 5
230-2-0-0;vervallen (mvt)
231-1-0-0;2.10.54, 1
231-2-0-0;2.10.55, 1
232-0-0-0;57020
236-0-0-0;algemene regeling 1.7.3
237-0-0-0;2.10.68, 1
238-1-0-0;2.10.68, 2
238-2-0-0;2.10.69, 1 en 2
241b-0-0-0;1.4.20, 1
241c-0-0-0;algemene regeling 5.1.1
242-1-0-0;3.1.1, 2
242-2-0-0;3.4.1, 1
242-3-0-0;3.4.1, 2
243-1-0-0;3.4.2, 1
243-2-0-0;3.4.3, 5
243-3-0-0;vervallen
243-4-0-0;vervallen
243-5-0-0;3.5.11, 2 en 3
246-1-0-0;3.4.2, 1
246-2-0-0;"1.3.8; 4.1.15, 4"
247-0-0-0;3.4.2, 2
247-0-a-0;3.4.2, 2
247-0-b-0;3.4.2, 2
247-0-c-0;3.4.2, 2
247-0-d-0;3.4.2, 2
247-0-e-0;3.4.2, 2
247-0-0-0;3.4.2, 2
255-1-0-0;"3.4.3, 1; 3.2.4"
255-2-0-0;3.4.2, 2
255-3-0-0;3.4.3, 3
255-4-0-0;3.4.3, 3
255a-1-0-0;3.3.7
255a-2-0-0;3.3.7
255a-3-0-0;Boek 7
256-1-0-0;vervallen (mvt)
256-2-0-0;vervallen (mvt)
257a-1-0-0;3.3.1, 1
257a-2-0-0;3.3.1, 2
257a-2-a-0;3.3.1, 2, a
257a-2-b-0;3.3.1, 2, b
257a-2-c-0;3.3.1, 2, c
257a-2-d-0;3.3.1, 2, d
257a-2-e-0;3.3.1, 2, e
257a-3-0-0;3.3.1, 3
257a-3-a-0;3.3.1, 3, a
257a-3-b-0;3.3.1, 3, b
257a-3-c-0;3.3.1, 3, c
257a-3-d-0;3.3.1, 3, d
257a-3-e-0;3.3.1, 3, e
257a-4-0-0;3.3.1, 4
257a-5-0-0;Boek 7
257a-6-0-0;3.3.1, 6
257a-6-a-0;3.3.1, 6, a
257a-6-b-0;3.3.1, 6, b
257a-6-c-0;3.3.1, 6, c
257a-6-d-0;3.3.1, 6, d
257a-6-e-0;3.3.1, 6, e
257a-6-f-0;3.3.1, 6, f
257a-6-g-0;3.3.1, 6, g
257a-7-0-0;3.3.1, 7
257a-8-0-0;46539
257b-1-0-0;3.3.2, 1
257b-2-0-0;3.3.2, 2
257b-3-0-0;3.3.2, 3
257ba-1-0-0;3.3.3, 1
257ba-2-0-0;3.3.3, 2
257ba-3-0-0;3.3.3, 3
257c-1-0-0;3.3.4, 1
257c-2-0-0;3.3.4, 2
257c-3-0-0;3.3.4, 3
257c-4-0-0;3.3.4, 4
257c-5-0-0;3.3.4, 5
257d-1-0-0;3.3.5, 1
257d-2-0-0;algemene regeling B1H9
257d-3-0-0;algemene regeling B1H9
257d-4-0-0;3.3.5, 2 en 3
257d-5-0-0;3.3.5, 4
257e-1-0-0;"5.3.1, 1 en 2; 5.3.2, 1 en 2"
257e-2-0-0;5.2.1, 1
257e-3-0-0;algemene regeling 5.2.2
257e-4-0-0;algemene regeling 5.2.2
257e-5-0-0;5.3.3
257e-6-0-0;5.2.4, 5 en 7
257e-7-0-0;"5.2.4, 3; 5.2.8, 3"
257e-8-0-0;5.3.2, 3
257e-9-0-0;3.3.6, 1 en 2
257f-1-0-0;5.3.6, 1
257f-2-0-0;42744
257f-3-0-0;5.3.5, 2 en 3
257f-4-0-0;"5.1.3, 1; 5.3.6"
257h-1-0-0;3.3.8, 1
257h-2-0-0;3.3.8, 2
257h-3-0-0;3.6.3
258-1-0-0;4.1.1, 1
258-2-0-0;"4.1.6, 1; 4.1.7, 1, a, b en d; 4.1.8, 3"
258-3-0-0;"1.5.6, 3; 1.5.8, 8"
258a-1-0-0;4.2.2, 1
258a-1-a-0;4.2.2, 1, a
258a-1-b-0;4.2.2, 1, b
258a-2-0-0;"4.2.2, 2; 4.1.7, 2"
259-0-0-0;4.1.1, 2
260-1-0-0;"4.1.11, 1; 1.11.7, 1, c"
260-2-0-0;4.1.11, 3
260-3-0-0;"4.1.1, 3, c; 4.1.12, 1, b"
260-4-0-0;"4.1.2, 1, d en e; 4.1.12, 1, c, d, e, f, g"
260-5-0-0;4.1.2, 2
260-6-0-0;6.1.28, 4
261-1-0-0;4.1.1, 3
261-2-0-0;vervallen (mvt)
261-3-0-0;vervallen (mvt)
262-1-0-0;3.2.1, 1
262-2-0-0;3.2.2, 1
262-3-0-0;vervallen (mvt)
262-4-0-0;3.2.3, 1
262-5-0-0;3.2.3, 2
262-6-0-0;3.2.3, 3
262-7-0-0;vervallen (mvt)
262a-1-0-0;3.6.2, 1 en 2
262a-2-0-0;3.6.2, 3
262a-3-0-0;vervallen (mvt)
263-1-0-0;"4.1.4, 1; algemene regeling B1H11"
263-2-0-0;4.1.4, 3 en 9
263-3-0-0;4.1.4, 1
263-4-0-0;4.1.8, 1
263-5-0-0;4.1.11, 1
264-1-0-0;4.1.4. 5
264-1-a-0;vervallen (mvt)
264-1-b-0;4.1.4, 5, a
264-1-c-0;vervallen
264-2-0-0;4.1.8, 2
264-2-a-0;"4.1.4, 5, b; 4.2.21, 1, a"
264-2-b-0;"4.1.4, 5, c; 4.2.21, 1, b"
264-3-0-0;vervallen
265-1-0-0;4.1.13, 1
265-2-0-0;4.1.13, 2
265-3-0-0;4.2.13, 6
266-1-0-0;4.1.15, 1
266-2-0-0;4.1.15, 1
266-3-0-0;4.1.15, 2 en 4
267-1-0-0;"4.1.15, 2; 3.1.3. 1, c"
267-2-0-0;3.1.3, 4
268-1-0-0;1.2.5, 1
268-2-0-0;4.2.1, 2
268-3-0-0;4.2.1, 1
269-1-0-0;4.2.3, 1
269-2-0-0;4.2.3, 2
269-3-0-0;4.2.3, 3
269-4-0-0;4.2.3, 4
269-5-0-0;4.2.3, 5
270-0-0-0;40635
271-1-0-0;"1.2.1; 1.6.4"
271-2-0-0;1.2.1
272-1-0-0;"1.2.5, 3; 4.2.5, 1"
272-2-0-0;4.2.5, 2
272-3-0-0;4.2.5, 3
273-1-0-0;algemene regeling 1.4.8
273-2-0-0;41001
273-3-0-0;4.2.5, 1
274-1-0-0;algemene regeling B1T11.3
274-2-0-0;algemene regeling B1T11.3
274-3-0-0;algemene regeling B1T11.3
275-1-0-0;algemene regeling B1T11.3
275-2-0-0;4.3.6, 4
276-1-0-0;1.11.7, 1, c
276-2-0-0;4.2.10, 1
276-3-0-0;1.11.8, 3
276-4-0-0;4.2.10, 2
277-1-0-0;4.2.9, 1
277-2-0-0;4.2.9, 2
278-1-0-0;4.2.13, 1
278-2-0-0;4.2.13, 2
278-3-0-0;4.2.13, 3
278-4-0-0;"4.1.14, 1; 4.2.13, 4"
278-5-0-0;4.2.13, 5
279-1-0-0;41731
279-2-0-0;vervallen (mvt)
280-1-0-0;4.2.15, 1
280-1-a-0;4.2.15, 1, a
280-1-b-0;4.2.15, 1, b
280-1-0-0;4.2.15, 1
280-2-0-0;4.12.15, 2
280-3-0-0;4.2.15, 3 en 4
281-1-0-0;4.2.55, 1
281-2-0-0;4.2.55, 2
281-3-0-0;4.2.55, 3
281-4-0-0;4.2.55, 4
281-5-0-0;vervallen (mvt)
282-1-0-0;4.2.56, 1
282-2-0-0;4.2.56, 1
282-3-0-0;4.2.56, 2
282-4-0-0;vervallen (mvt)
282a-1-0-0;1.2.6, 2
282a-2-0-0;1.2.7, 3
282a-3-0-0;1.2.7, 2
283-1-0-0;4.2.26, 1
283-2-0-0;4.2.26, 2
283-3-0-0;4.2.26, 3
283-4-0-0;4.2.26, 4
283-5-0-0;4.2.26, 5
283-6-0-0;4.2.26, 6
284-1-0-0;4.2.25, 1
284-2-0-0;vervallen (mvt)
285-1-0-0;4.2.30, 1
285-2-0-0;4.2.30, 1
285-3-0-0;4.2.30, 2
286-1-0-0;4.2.35, 1
286-2-0-0;45018
286-3-0-0;4.2.35, 2
286-4-0-0;4.2.35, 1
286-5-0-0;4.2.35, 3
286-6-0-0;4.2.35, 4
287-1-0-0;42462
287-2-0-0;44653
287-3-0-0;4.2.19, 1
287-3-a-0;"4.2.19, 1, b en c; 4.2.21, 1"
287-3-b-0;4.2.19, 1, a en 4
287-4-0-0;algemene regeling 1.11.7
288-1-0-0;4.2.19, 2
288-1-a-0;4.2.19, 2. a
288-1-b-0;4.2.19, 2, b
288-1-c-0;4.2.19, 2, c
288-2-0-0;"4.2.21, 2; 4.2.52"
288-3-0-0;4.2.19, 3
288-4-0-0;41645
288a-1-0-0;"4.2.23; 4.2.17, 1"
288a-2-0-0;algemene regeling 1.1.4
289-1-0-0;4.2.17, 1
289-2-0-0;4.2.17, 2
289-3-0-0;4.2.17, 3
289-3-a-0;4.2.17, 3, a
289-3-b-0;4.2.17, 3, b
289-4-0-0;45018
290-1-0-0;1.6.1, 1 en 2
290-2-0-0;4.2.37, 1
290-3-0-0;4.2.37, 2
290-4-0-0;4.2.37, 3
290-5-0-0;algemene regeling B1T6.2
291-0-0-0;1.6.3, 1
292-1-0-0;4.2.38, 1
292-2-0-0;4.2.38, 2
292-3-0-0;4.2.38, 3
292-4-0-0;4.2.38, 4
292-5-0-0;4.2.38, 5
293-1-0-0;4.2.39, 2
293-2-0-0;4.2.39, 1
294-1-0-0;4.2.40, 1
294-2-0-0;4.2.40, 2
294-3-0-0;4.2.40, 3
294-4-0-0;4.2.40, 4
295-1-0-0;4.2.41, 1
295-2-0-0;4.2.41, 1
295-3-0-0;4.2.41, 2
295-4-0-0;vervallen (mvt)
295-5-0-0;4.2.41, 3
296-1-0-0;4.2.43, 1
296-2-0-0;4.2.43, 1
297-1-0-0;51958
297-2-0-0;4.2.43, 2
297-3-0-0;4.2.43, 3
297-4-0-0;4.2.43, 3
299-0-0-0;"4.2.24; 4.2.44, 1"
300-1-0-0;4.2.36, 1
300-2-0-0;4.2.36, 2
301-1-0-0;4.2.31, 1
301-2-0-0;4.2.31, 2
301-3-0-0;4.2.31, 3
301-4-0-0;4.3.6, 1
302-0-0-0;53784
303-1-0-0;vervallen (mvt)
303-2-0-0;4.2.18, 1 en 2
309-1-0-0;54150
309-2-0-0;48671
310-0-0-0;1.11.9, 1
311-1-0-0;"4.2.62, 1; 4.4.12, 2"
311-2-0-0;4.2.62, 2
311-3-0-0;4.2.62, 3
311-4-0-0;4.2.63, 1
311-5-0-0;4.2.63, 2
312-0-0-0;4.2.27, 1
313-1-0-0;4.2.27, 1
313-2-0-0;4.2.27, 2
314-1-0-0;4.2.28, 1, 3 en 4
314-2-0-0;4.2.28, 2
314a-1-0-0;vervallen (mvt)
314a-2-0-0;vervallen (mvt)
315-1-0-0;"4.2.49, 1; 4.2.50, 2 en 3"
315-2-0-0;4.2.49, 1
315-3-0-0;4.2.49, 2
316-1-0-0;4.2.51, 1
316-2-0-0;"4.2.20, 3; 4.2.51, 3"
316-3-0-0;4.2.51, 4
317-1-0-0;4.2.53, 1
317-2-0-0;4.2.53, 3
317-3-0-0;4.2.53, 4
318-1-0-0;4.2.54, 1
318-2-0-0;4.2.54, 2
318-3-0-0;4.2.54, 3
319-1-0-0;4.2.57, 1 en 2
319-2-0-0;4.2.57, 3
319-3-0-0;4.2.57, 4
320-1-0-0;4.2.58, 1
320-2-0-0;4.2.58, 2
320-3-0-0;4.2.58, 3
322-1-0-0;4.2.59, 1
322-2-0-0;4.2.59, 2
322-3-0-0;4.2.59, 3
322-4-0-0;4.2.59, 4
324-1-0-0;4.2.61, 1
324-2-0-0;4.2.61, 2
325-0-0-0;59994
326-1-0-0;"4.2.68, 1; 4.2.69, 2"
326-2-0-0;"4.2.68, 1 en 2; 4.2.69, 2"
326-3-0-0;"4.2.68, 3; 4.2.69, 2"
326-4-0-0;"4.2.68, 3; 4.2.69, 2"
327-0-0-0;4.2.69, 1 en 3
327a-1-0-0;"4.2.69, 1; 4.2.70, 2"
327a-2-0-0;vervallen (mvt)
327a-3-0-0;"4.2.69, 1, a en b; 4.4.8, 1"
327a-4-0-0;4.2.70, 3
328-0-0-0;4.2.6, 1
329-0-0-0;4.2.7, 1 en 2
330-0-0-0;vervallen (mvt)
331-1-0-0;"4.2.8, 1; 1.4.20, 1"
331-2-0-0;4.2.8, 2
332-0-0-0;"4.2.18, 1; 4.4.3"
333-0-0-0;4.4.4
334-1-0-0;4.4.5, 2
334-2-0-0;4.4.5, 3
334-3-0-0;4.4.6, 1 en 2
335-0-0-0;4.4.7, 2
338-0-0-0;4.3.7, 1 en 2
339-1-0-0;4.3.8, 1
339-1-0-1;4.3.8, 1, f
339-1-0-2;4.3.8, 1, a
339-1-0-3;4.3.8, 1, b
339-1-0-4;4.3.8, 1, c
339-1-0-5;4.3.8, 1, d
339-2-0-0;4.3.8, 2
340-0-0-0;4.3.9, 5
341-1-0-0;4.3.9, 1
341-2-0-0;4.3.9, 4
341-3-0-0;vervallen (mvt)
341-4-0-0;4.3.10, 1
342-1-0-0;4.3.9, 2
342-2-0-0;4.3.10, 2
343-0-0-0;4.3.9, 3
344-1-0-0;vervallen (mvt)
344-1-0-1;vervallen (mvt)
344-1-0-2;vervallen (mvt)
344-1-0-3;vervallen (mvt)
344-1-0-4;vervallen (mvt)
344-1-0-5;vervallen (mvt)
344-2-0-0;4.3.10, 3
344a-1-0-0;4.3.11, 1
344a-2-0-0;vervallen (mvt)
344a-2-a-0;vervallen (mvt)
344a-2-b-0;vervallen (mvt)
344a-3-0-0;vervallen (mvt)
344a-3-a-0;vervallen (mvt)
344a-3-b-0;vervallen (mvt)
344a-4-0-0;vervallen (mvt)
345-1-0-0;4.2.65, 1 en 2
345-2-0-0;4.2.66, 2 en 3
345-3-0-0;4.2.66, 1
345-4-0-0;4.2.66, 4
345-5-0-0;4.2.65, 3
345-6-0-0;4.2.65, 4
346-1-0-0;4.2.67, 1
346-2-0-0;4.2.67, 2
346-3-0-0;4.2.67, 3
347-1-0-0;4.2.67, 2
347-2-0-0;4.2.67, 3
348-0-0-0;4.3.1
349-1-0-0;4.3.2
349-2-0-0;vervallen (mvt)
349-3-0-0;vervallen (mvt)
350-0-0-0;4.3.3
351-0-0-0;4.3.4, 1
352-1-0-0;4.3.5, 1
352-2-0-0;4.3.5, 2
353-1-0-0;4.3.17, 1
353-2-0-0;4.3.17, 2
353-2-a-0;4.3.17, 2, a
353-2-b-0;4.3.17, 2, b
353-2-c-0;4.3.17, 2, c
353-3-0-0;4.3.17, 3
353-4-0-0;4.3.17, 4
354-1-0-0;4.3.18, 1
354-2-0-0;4.3.18, 2, a
354-3-0-0;4.3.18, 3
354a-1-0-0;4.3.19, 1
354a-2-0-0;4.3.19, 2
355-1-0-0;vervallen (mvt)
355-2-0-0;vervallen (mvt)
356-1-0-0;vervallen (mvt)
356-2-0-0;vervallen (mvt)
356-3-0-0;vervallen (mvt)
357-1-0-0;4.3.20, 1
357-2-0-0;4.3.20, 2
358-1-0-0;4.3.21, 1
358-2-0-0;4.3.21, 1
358-3-0-0;4.3.22, 2
358-4-0-0;4.3.25, 1
358-5-0-0;vervallen
359-1-0-0;4.3.20, 3
359-2-0-0;4.3.22, 3
359-3-0-0;4.3.23, 1 en 2
359-4-0-0;4.3.25, 4 en 6
359-5-0-0;4.3.25, 2
359-6-0-0;4.3.25, 7
359-7-0-0;4.3.25, 5
359-8-0-0;vervallen
359a-1-0-0;vervallen (mvt)
359a-1-a-0;4.3.13, 1
359a-1-b-0;4.3.14, 1
359a-1-c-0;4.3.15, 1
359a-2-0-0;vervallen (mvt)
359a-3-0-0;algemene regeling B4T3.5
360-1-0-0;45385
360-1-0-0;4.3.24, a
360-1-0-0;4.3.24, c
360-1-0-0;4.3.24, d
360-1-0-0;4.3.24, d
360-2-0-0;4.3.24, e
360-3-0-0;vervallen
360-4-0-0;vervallen
361-1-0-0;4.4.7, 1
361-2-0-0;1.5.11, 1
361-2-a-0;1.5.11, 1, a
361-2-b-0;1.5.11, 1, b
361-3-0-0;1.5.11, 2
361-4-0-0;4.4.7, 2
361-5-0-0;53114
361-6-0-0;4.4.7, 2
361a-0-0-0;4.4.11, 1 en 2
362-1-0-0;4.3.26, 1
362-2-0-0;4.3.26, 2
362-3-0-0;4.3.26, 3
363-1-0-0;4.3.27, 1
363-2-0-0;4.3.27, 2
363-3-0-0;4.3.27, 3
364-1-0-0;46846
364-2-0-0;5.2.7, 2
365-1-0-0;47211
365-2-0-0;1.2.8, 2 en 5
365-3-0-0;"4.3.30, 1 en 6; 4.4.7, 5"
365-4-0-0;48307
365-5-0-0;4.3.30, 6
365-6-0-0;"4.3.30, 1; 4.3.31, 1"
365-6-a-0;4.3.31, 1, a
365-6-b-0;4.3.31, 1, b
365-6-c-0;4.3.31, 1, c
365-6-0-0;4.3.30, 3
365-7-0-0;47211
365a-1-0-0;45019
365a-2-0-0;4.3.23, 3
365a-3-0-0;4.3.23, 4
365b-1-0-0;4.3.23, 4
365b-2-0-0;4.3.30, 8
365c-1-0-0;4.3.25, 5
365c-2-0-0;4.4.8, 2
365c-3-0-0;"4.3.23, 4; 4.3.30, 8"
366-1-0-0;4.3.30, 1
366-2-0-0;4.3.30, 2
366-2-a-0;4.3.30, 2, a
366-2-b-0;4.3.30, 2, b
366-2-c-0;4.3.30, 2, c
366-3-0-0;4.3.20, 1, 2 en 3
366-4-0-0;4.3.31, 1
366a-1-0-0;4.3.30, 1 en 5, a
366a-2-0-0;4.3.30, 2, 3 en 5
366a-3-0-0;4.3.30, 2, 3, 4 en 5
366a-4-0-0;4.3.30, 2, 3, 4 en 5
366b-1-0-0;"4.4.7, 5; 6.1.45"
366b-2-0-0;"4.4.7, 5; 6.1.45"
367-0-0-0;"1.2.5, 2; 4.5.1, 2"
368-0-0-0;4.5.2, 1
369-1-0-0;4.5.2, 2
369-2-0-0;"1.2.6, 1; 4.5.2, 2"
370-1-0-0;4.5.4, 5
370-2-0-0;3.2.1, 2
370a-1-0-0;vervallen (mvt)
370a-2-0-0;vervallen (mvt)
370a-2-a-0;vervallen (mvt)
370a-2-b-0;vervallen (mvt)
370a-2-c-0;vervallen (mvt)
370a-3-0-0;vervallen (mvt)
371-0-0-0;vervallen (mvt)
371-0-a-0;3.2.2
371-0-b-0;54093
371-0-c-0;"1.2.13, 1, d; 3.2.2"
372-0-0-0;4.5.6, 1
373-0-0-0;vervallen (mvt)
374-1-0-0;algemene regeling 4.2.31
374-2-0-0;"4.2.8, 2; 4.5.1, 2"
375-1-0-0;vervallen (mvt)
375-2-0-0;vervallen (mvt)
375-3-0-0;vervallen (mvt)
376-1-0-0;vervallen (mvt)
376-2-0-0;vervallen (mvt)
377-1-0-0;1.2.7, 1
377-2-0-0;1.2.7, 3
377-3-0-0;1.2.7, 2
378-1-0-0;4.5.8, 1
378-2-0-0;4.5.8, 2
378-2-a-0;4.5.8, 2, a
378-2-b-0;4.5.8, 2, b
378-2-c-0;4.5.8, 2, c
378-2-d-0;4.5.8, 2, d
378-3-0-0;algemene regeling 4.3.30
378-4-0-0;algemene regeling 4.3.30
378a-1-0-0;4.5.9, 1
378a-2-0-0;4.5.9, 2
378a-2-0-1;4.5.9, 2, a
378a-2-0-2;4.5.9, 2, b
378a-2-0-3;4.5.9, 2, c
378a-3-0-0;vervallen (mvt)
378a-4-0-0;4.5.9, 3
378a-5-0-0;4.5.9, 4
379-1-0-0;4.5.7, 1
379-2-0-0;4.5.7, 3
379-3-0-0;algemene regeling 4.3.30
380-0-0-0;4.5.7, 4
381-1-0-0;5.2.7, 2
381-2-0-0;5.2.7, 3
381-3-0-0;5.2.7, 3
382-0-0-0;4.5.3, 1
382-0-a-0;vervallen (mvt)
382-0-b-0;4.5.3, 1
382-0-0-1;4.5.3, 1, a
382-0-0-2;4.5.3, 1, b
382-0-0-3;4.5.3, 1, c
382-0-0-4;4.5.3, 1, d
382-0-0-5;4.5.3, 1, e
382-0-0-6;4.5.3, 1, f
383-0-0-0;4.5.4, 1
383-0-0-0;4.5.5, 1
383-0-0-0;4.5.4, 1
384-1-0-0;4.5.5, 2
384-2-0-0;4.5.5, 1 en 2
385-1-0-0;4.5.5, 1
385-2-0-0;4.5.5, 4
385-3-0-0;4.5.5, 5
385-4-0-0;4.5.5, 6
385-5-0-0;vervallen (mvt)
386-1-0-0;4.5.5, 7
386-2-0-0;4.5.5, 8
386-3-0-0;4.5.5, 8
387-0-0-0;algemene regeling 4.1.15, 1
388-1-0-0;4.5.5, 3
388-2-0-0;4.5.5, 3
390-1-0-0;vervallen (mvt)
390-2-0-0;vervallen (mvt)
390-3-0-0;vervallen (mvt)
391-0-0-0;vervallen (mvt)
392-1-0-0;4.2.15, 1
392-2-0-0;"4.3.30; 5.4..2"
393-1-0-0;4.5.5, 7 en 8
393-2-0-0;4.5.5, 7 en 8
394-0-0-0;"4.2.6, 1; 4.2.55, 1"
395-1-0-0;4.5.8, 1
395-2-0-0;4.5.8, 2
395-2-a-0;4.5.8, 2, a
395-2-b-0;4.5.8, 2, b
395-2-c-0;4.5.8, 2, c
395-2-d-0;4.5.8, 2, d
395-3-0-0;algemene regeling 4.3.30
395-4-0-0;algemene regeling 4.3.30
395a-1-0-0;4.5.9, 1
395a-2-0-0;4.5.9, 2
395a-2-0-1;4.5.9, 2, a
395a-2-0-2;4.5.9, 2, b
395a-2-0-3;4.5.9, 2, c
395a-3-0-0;4.5.9, 3
395a-4-0-0;4.5.9, 4
396-1-0-0;4.5.7, 1
396-2-0-0;4.5.7, 3
396-3-0-0;4.2.66, 4
397-0-0-0;4.5.7, 4
397a-1-0-0;5.2.7, 2
397a-2-0-0;5.2.7, 3
397a-3-0-0;5.2.7, 3
398-0-0-0;"4.5.1, 2; 4.5.3, 2"
398-0-0-1;vervallen (mvt)
398-0-0-2;4.5.3, 2, a
398-0-0-3;"3.2.1, 3; 4.5.3, 2, b"
398-0-0-4;vervallen (mvt)
398-0-0-5;algemene regeling 4.2.31
398-0-0-10;4.5.3, 2, c
398-0-0-14;4.5.3, 2, d
398-0-a-0;4.5.3, 2, d, 1
398-0-b-0;4.5.3, 2, d, 2
398-0-c-0;4.5.3, 2, d, 3
404-1-0-0;5.4.1, 1
404-2-0-0;5.4.1, 2
404-2-a-0;5.4.1, 2, a
404-2-b-0;5.4.1, 2, b
404-3-0-0;5.4.1, 3 en 4
404-4-0-0;vervallen (mvt)
404-5-0-0;vervallen (mvt)
406-1-0-0;5.4.3, 1
406-2-0-0;5.4.3, 2
407-1-0-0;5.4.4, 1
407-2-0-0;5.4.4, 2
408-1-0-0;5.4.2, 1
408-1-a-0;5.4.2, 1, a en c
408-1-b-0;5.4.2, 1, d
408-1-c-0;5.4.2, 1, e
408-1-d-0;5.4.2, 1, b
408-2-0-0;5.4.2, 3
408-3-0-0;vervallen (mvt)
408-4-0-0;5.4.2, 2
408-4-a-0;5.4.2, 2, b
408-4-b-0;5.4.2, 2, c
408-4-0-0;5.4.2, 2
408a-0-0-0;vervallen (mvt)
409-1-0-0;"5.4.6, 1; 5.4.10, 1"
409-2-0-0;5.2.9, 1 en 4
409-3-0-0;"5.4.6, 1; 5.4.17"
409-4-0-0;vervallen (mvt)
410-1-0-0;"5.4.7, 1 en 2; 5.4.10, 1; 5.2.5"
410-2-0-0;algemene regeling 1.8.1
410-3-0-0;5.4.7, 2
410-4-0-0;vervallen
410a-1-0-0;vervallen (mvt)
410a-2-0-0;vervallen (mvt)
410a-3-0-0;vervallen (mvt)
410a-4-0-0;vervallen (mvt)
410a-5-0-0;vervallen (mvt)
410a-6-0-0;vervallen (mvt)
410a-7-0-0;vervallen (mvt)
411-1-0-0;1.2.5, 1
411-2-0-0;5.4.43, 2
411-2-a-0;5.4.43, 2
411-2-b-0;5.4.43, 2
411-3-0-0;1.2.6, 1
411-4-0-0;1.2.7, 1
411a-1-0-0;5.4.9, 1
411a-2-0-0;5.4.9, 3
412-1-0-0;41033
412-2-0-0;5.4.15, 1
412-3-0-0;5.4.15, 2
412-4-0-0;vervallen (mvt)
413-1-0-0;5.4.15, 2
413-2-0-0;"5.4.15, 3; 5.4.36"
414-1-0-0;"1.8.4, 3; 5.4.11, 1; 5.4.14"
414-2-0-0;5.4.11, 1
414-3-0-0;5.4.15, 3
415-1-0-0;"5.4.16; 5.4.33"
415-2-0-0;43589
415-3-0-0;"algemene regeling B1T5.2; 5.4.15, 2"
416-1-0-0;5.4.18, 1 en 2
416-2-0-0;5.4.27, 3
416-3-0-0;5.4.27, 2, a
417-1-0-0;5.4.21, 1
417-2-0-0;5.4.21, 2
418-1-0-0;5.4.20, 2
418-2-0-0;5.4.20, 3
418-3-0-0;5.4.20, 3
419-0-0-0;44685
420-1-0-0;5.4.23, 1
420-2-0-0;"4.2.51; 5.4.16"
420-3-0-0;5.4.23, 2
420-4-0-0;vervallen (mvt)
421-1-0-0;5.4.34, 1
421-2-0-0;5.4.34, 2
421-3-0-0;5.4.34, 1
421-4-0-0;5.4.35, 1
421-5-0-0;54210
422-1-0-0;5.4.27, 1
422-2-0-0;46146
422a-1-0-0;5.4.28, 1 en 2
422a-2-0-0;5.4.28, 1 en 2
423-1-0-0;5.4.29, 1, 3 en 5
423-2-0-0;5.4.28, 3, a en 5
423-3-0-0;5.4.32, 5
423-4-0-0;"5.4.31, 1; 5.4.32, 1"
425-1-0-0;1.2.5, 2
425-2-0-0;5.4.46, 1
425-3-0-0;5.4.46, 1
425-3-a-0;5.4.46, 1
425-3-b-0;5.4.46, 1
425-3-c-0;5.4.46, 1
425-3-d-0;5.4.46, 1
425-4-0-0;5.4.46, 3
425-5-0-0;5.2.7, 3
426-1-0-0;5.4.46, 1
426-2-0-0;5.4.46, 3
426-2-a-0;5.4.46, 3, a
426-2-b-0;5.4.46, 3, c
426-2-c-0;5.4.46, 3, c
426-3-0-0;5.4.46, 3
426-4-0-0;5.4.46, 3
426-5-0-0;5.4.46, 1
427-1-0-0;5.5.1, 1
427-2-0-0;5.5.1, 2
427-2-a-0;5.5.1, 2, a
427-2-b-0;5.5.1, 2, b
427-3-0-0;vervallen (mvt)
427-4-0-0;vervallen (mvt)
428-0-0-0;5.5.2
429-0-0-0;5.5.3
431-0-0-0;5.5.12, 1
432-1-0-0;5.5.4, 1
432-1-a-0;5.5.4, 1, c
432-1-b-0;5.5.4, 1, d
432-1-c-0;5.5.4, 1, e
432-1-d-0;5.5.4, 1, b
432-2-0-0;5.5.4, 3
432-3-0-0;5.5.4, 2
432-3-a-0;5.5.4, 2, b
432-3-b-0;5.5.4, 2, c
432-3-0-0;5.5.4, 2
433-1-0-0;vervallen (mvt)
433-2-0-0;vervallen (mvt)
433-3-0-0;5.5.18, 1
433-4-0-0;algemene regeling 5.2.8, 1
434-1-0-0;"5.2.4, 1; 5.5.5, 1"
434-2-0-0;5.5.5, 2
434-3-0-0;vervallen
435-1-0-0;5.5.6, 1, 2 en 3
435-2-0-0;5.5.18, 1
435-3-0-0;5.5.6, 2
436-1-0-0;5.5.9, 1
436-2-0-0;5.5.9, 2
436-3-0-0;5.5.9, 3
437-1-0-0;5.5.7, 1
437-2-0-0;5.5.7, 2
437-3-0-0;5.5.18, 2
438-1-0-0;5.5.9, 1
438-2-0-0;5.5.8, 2
438-2-a-0;"5.5.8, 2; 5.5.10, 1"
438-2-b-0;5.5.18, 4
438-2-c-0;5.5.8, 2
438-2-d-0;5.5.8, 2
438-3-0-0;5.5.8, 2
439-1-0-0;5.5.10, 2
439-2-0-0;5.5.11, 2
439-3-0-0;5.5.10, 3
439-4-0-0;5.5.18, 5
439-5-0-0;"5.5.10, 4; 5.5.18, 6"
440-1-0-0;5.5.13, 1
440-2-0-0;5.5.13, 2
440-2-0-0;5.5.13, 2
440-2-a-0;5.5.13, 2
440-2-b-0;5.5.13, 2
440-3-0-0;vervallen (mvt)
441-0-0-0;vervallen (mvt)
442-1-0-0;41764
442-2-0-0;1.2.8, 2, 3 en 5
443-0-0-0;42129
444-1-0-0;5.5.16, 1
444-2-0-0;"5.5.16, 2; 5.5.18, 7"
444-3-0-0;"5.5.16, 2; 5.5.18, 7"
444-4-0-0;5.5.16, 3
445-0-0-0;algemene regeling 5.5.1
446-1-0-0;"1.8.12, 1 en 2; 2.5.60, 1; 2.10.70, 1 en 2; 6.5.12, 1
en 2"
446-2-0-0;vervallen (mvt)
446-3-0-0;6.5.12, 2
447-1-0-0;"5.6.2; 5.6.5, 1"
447-2-0-0;5.2.4, 1
447-3-0-0;"5.5.6, 1 en 2; 5.6.7"
447-4-0-0;"5.5.7, 1; 5.6.7"
447-5-0-0;"5.5.7, 2; 5.6.7"
447-6-0-0;5.6.7
447-7-0-0;5.2.4, 7
448-1-0-0;5.6.3
448-2-0-0;5.6.4
449-1-0-0;"5.2.1, 2; 5.2.2, 1"
449-2-0-0;5.2.2, 3
449-3-0-0;5.2.1, 2
450-1-0-0;5.2.2, 1 en 2
450-1-a-0;5.2.2, 2, a
450-1-b-0;5.2.2, 2, b
450-2-0-0;5.2.2, 2, b
450-3-0-0;5.2.2, 4, c
450-4-0-0;1.9.13, 3
450-5-0-0;1.9.13, 9
451-1-0-0;5.2.4, 1
451-2-0-0;5.2.4, 2
451-3-0-0;5.2.4, 1 en 4
451-4-0-0;5.2.4, 7
451-5-0-0;"5.2.8, 3; 5.2.4, 3"
451a-1-0-0;5.2.3, 1
451a-2-0-0;5.2.3, 2
451a-3-0-0;5.2.3, 4
451a-4-0-0;5.2.3, 3
451b-1-0-0;"2.10.72, 2; algemene regeling 5.2.1"
451b-2-0-0;algemene regeling 5.2.1
451b-3-0-0;algemene regeling 5.2.1
452-1-0-0;5.2.5, 1
452-2-0-0;5.2.5, 2
452-3-0-0;5.2.5, 1
452-4-0-0;5.2.5, 1
453-1-0-0;5.2.6, 1
453-2-0-0;5.2.6, 3
453-3-0-0;5.2.7, 1
454-1-0-0;5.2.6, 2
454-2-0-0;5.2.6, 3
454-3-0-0;"5.2.6, 2; 5.2.7, 1"
454-4-0-0;5.2.6, 2
454-5-0-0;"2.10.72, 2; algemene regeling 5.2.1"
455-1-0-0;5.2.9, 3
455-2-0-0;5.2.8
456-1-0-0;5.7.1, 1 en 2
456-2-0-0;5.7.1, 4
456-3-0-0;5.7.1, 3
456-4-0-0;5.7.1, 5
457-1-0-0;5.8.1, 1
457-1-a-0;5.8.1, 1, a
457-1-b-0;5.8.1, 1, b
457-1-c-0;5.8.1, 1, c
457-2-0-0;5.8.1, 2
458-1-0-0;5.8.2, 1
458-1-a-0;5.8.2, 1, a
458-1-b-0;5.8.2, 1, b
458-1-c-0;5.8.2, 1, b, 1
458-1-d-0;5.8.2, 1, b, 2
458-2-0-0;5.8.2, 2 en 6
458-3-0-0;5.8.2, 3
458-4-0-0;5.8.2, 4
458-5-0-0;5.8.2, 5
459-0-0-0;5.8.3
460-1-0-0;5.8.4, 1
460-2-0-0;5.8.4, 2
461-1-0-0;5.8.5, 1
461-2-0-0;5.8.5, 2
461-3-0-0;5.8.5, 3
461-3-a-0;5.8.5, 3, a
461-3-b-0;5.8.5, 3, b
461-4-0-0;5.8.5, 4
461-5-0-0;5.8.5, 5
462-1-0-0;5.8.6, 1
462-2-0-0;5.8.6, 2
462-3-0-0;5.8.6, 3
462-4-0-0;5.8.6, 4
463-1-0-0;5.8.7, 1
463-2-0-0;5.8.7, 2
463-3-0-0;5.8.7, 3
463-4-0-0;5.8.7, 4
463-5-0-0;5.8.7, 5
463-6-0-0;5.8.7, 6
464-1-0-0;5.8.8, 1
464-2-0-0;5.8.8, 2
464a-1-0-0;5.8.9, 1
464a-2-0-0;5.8.9, 2
464a-2-a-0;5.8.9, 2, a
464a-2-b-0;5.8.9, 2, b
464a-2-c-0;5.8.9, 2, c
465-1-0-0;5.8.10, 1
465-2-0-0;5.8.10, 2
465-3-0-0;5.8.10, 3
465-4-0-0;5.8.10, 4
465-5-0-0;5.8.10, 5
466-1-0-0;5.8.11, 1
466-2-0-0;5.8.11, 2
466-3-0-0;5.8.11, 3
467-1-0-0;5.8.12, 1
467-2-0-0;5.8.12, 2
467-2-a-0;5.8.12, 2, a
467-2-b-0;vervallen (mvt)
467-2-c-0;5.8.12, 2, b
467-3-0-0;5.8.12, 3
468-1-0-0;5.8.13, 1
468-2-0-0;5.8.13, 2
468-3-0-0;5.8.13, 3
468-4-0-0;5.8.13, 4
468-5-0-0;5.8.13, 5
469-1-0-0;5.8.14, 1
469-2-0-0;5.8.14, 2
469-3-0-0;5.8.14, 3
469-4-0-0;5.8.14, 4
469-5-0-0;5.8.14, 5
469-6-0-0;vervallen
470-0-0-0;42132
471-1-0-0;5.8.16, 1
471-2-0-0;5.8.16, 2
471-3-0-0;5.8.16, 3
472-1-0-0;5.8.17, 1
472-2-0-0;5.8.17, 2
472-2-a-0;5.8.17, 2, a
472-2-b-0;5.8.17, 2, b
472-2-c-0;5.8.17, 2, c
472-2-d-0;5.8.17, 2, d
472-3-0-0;5.8.17, 3
473-1-0-0;5.8.18, 1
473-2-0-0;5.8.18, 2
473-3-0-0;5.8.18, 3
473-4-0-0;5.8.10, 6
474-0-0-0;43593
475-0-0-0;43959
476-1-0-0;5.8.21, 1
476-2-0-0;5.8.21, 2
476-3-0-0;5.8.21, 3
476-4-0-0;5.8.21, 4
476-5-0-0;5.8.21, 5
477-1-0-0;5.8.22, 1
477-2-0-0;5.8.22, 2
478-1-0-0;5.8.23, 1
478-2-0-0;5.8.23, 2
478-3-0-0;5.8.23, 3
479-1-0-0;5.8.24, 1
479-2-0-0;5.8.24, 1
481-1-0-0;5.8.25, 1
481-2-0-0;5.8.25, 2 en 3
482a-1-0-0;5.8.27, 1
482a-1-a-0;5.8.27, 1, a
482a-1-b-0;5.8.27, 1, b
482a-1-c-0;5.8.27, 1, c
482a-1-d-0;5.8.27, 1, d
482a-2-0-0;5.8.27, 2
482a-3-0-0;5.8.27, 3
482a-3-a-0;5.8.27, 3, a
482a-3-b-0;5.8.27, 3, b
482a-4-0-0;5.8.27, 4
482a-5-0-0;5.8.27, 5
482b-1-0-0;5.8.28, 1
482b-2-0-0;5.8.28, 2
482b-3-0-0;5.8.28, 3
482b-3-a-0;5.8.28, 3, a
482b-3-b-0;5.8.28, 3, b
482b-3-c-0;5.8.28, 3, c
482b-3-d-0;5.8.28, 3, d
482b-4-0-0;5.8.28, 4
482b-5-0-0;5.8.28, 5
482b-6-0-0;5.8.28, 6
482c-1-0-0;5.8.29, 1
482c-2-0-0;5.8.29, 2
482c-2-a-0;5.8.29, 2, a
482c-2-b-0;5.8.29, 2, b
482c-3-0-0;5.8.29, 3
482c-4-0-0;5.8.29, 4
482c-5-0-0;5.8.29, 5
482c-6-0-0;5.8.29, 6
482c-7-0-0;5.8.29, 7
482d-1-0-0;5.8.30, 1
482d-2-0-0;5.8.30, 2
482d-3-0-0;5.8.30, 3
482e-1-0-0;5.8.31, 1
482e-2-0-0;5.8.31, 2
482e-2-a-0;5.8.31, 2, a
482e-2-b-0;5.8.31, 2, b
482e-3-0-0;5.8.31, 3
482e-4-0-0;5.8.31, 4
482e-5-0-0;5.8.31, 5
482f-1-0-0;5.8.32, 1
482f-1-a-0;5.8.32, 1, a
482f-1-b-0;5.8.32, 1, b
482f-2-0-0;5.8.32, 2
482f-3-0-0;6.6.6, 2
482g-1-0-0;5.8.33, 1
482g-2-0-0;5.8.33, 2
482g-3-0-0;5.8.33, 3
482g-4-0-0;5.8.33, 4
482g-5-0-0;6.6.6, 2
482h-1-0-0;5.8.34, 1
482h-2-0-0;5.8.34, 2
482h-3-0-0;algemene regeling 5.1.1
482i-1-0-0;5.8.35, 1
482i-1-a-0;5.8.35, 1, a
482i-1-b-0;5.8.35, 1, b
482i-1-c-0;5.8.35, 1, c
482i-2-0-0;5.8.35, 2
484-1-0-0;Gereseveerd B6T1.5
484-1-0-1;Gereseveerd B6T1.5
484-1-0-2;vervallen
484-1-0-3;Gereseveerd B6T1.5
484-1-0-4;Gereseveerd B6T1.5
484-1-0-5;Gereseveerd B6T1.5
484-1-0-6;Gereseveerd B6T1.5
484-2-0-0;Gereseveerd B6T1.5
485-0-0-0;Gereseveerd B6T1.5
486-0-0-0;6.1.2
487-1-0-0;6.1.3, 1, a, b, d, e, f
487-2-0-0;6.1.3, 1, c, en 2
487-3-0-0;50922
488-1-0-0;vervallen
488-2-0-0;6.1.4
488-3-0-0;48000
488a-0-0-0;**
488aa-1-0-0;6.1.7, 1
488aa-1-a-0;6.1.7, 1, d
488aa-1-b-0;6.1.7, 1, c
488aa-1-c-0;"algemene regeling 2.3.2, 2; 6.1.6"
488aa-1-d-0;6.1.7, 1, a
488aa-1-e-0;6.1.7, 1, b
488aa-2-0-0;6.1.16, 2, a
488aa-3-0-0;41061
488aa-3-a-0;6.1.12, a
488aa-3-b-0;6.1.12, c
488aa-3-c-0;6.1.12, b
488aa-3-d-0;6.1.12, d
488aa-4-0-0;6.1.20, 1
488aa-4-a-0;6.1.20, 1, a
488aa-4-b-0;6.1.20, 1, b
488aa-4-c-0;6.1.20, 1, b
488aa-5-0-0;6.1.20, 2
488ab-1-0-0;6.1.33, 1
488ab-2-0-0;6.1.33, 2
488ab-2-a-0;6.1.33, 2
488ab-2-b-0;6.1.33, 2
488ab-3-0-0;6.1.33, 2
488ac-0-0-0;6.1.6
488b-1-0-0;6.1.36, 1
488b-2-0-0;6.1.36, 2
488b-2-a-0;6.1.36, 1, a
488b-2-b-0;6.1.36, 1, b
488b-3-0-0;6.1.36, 3
488b-4-0-0;6.1.36, 2
489-1-0-0;6.1.5, 2
489-2-0-0;6.1.5, 1
489-3-0-0;40330
489a-1-0-0;"6.1.9, 1; 6.1.26"
489a-2-0-0;6.1.9, 2
489a-3-0-0;6.1.9, 3
489a-4-0-0;algemene regeling 2.1.10
490-1-0-0;6.1.30, 3
490-2-0-0;vervallen (mvt)
490-3-0-0;50192
491-1-0-0;6.1.5, 3, c
491-2-0-0;"6.1.5, 3, b; 6.1.16, 2, b"
491-3-0-0;vervallen (mvt)
491-4-0-0;vervallen (mvt)
491a-1-0-0;"6.1.16, 2, a; 6.1.40"
491a-2-0-0;6.1.16, 2, a
491a-3-0-0;"6.1.40; 6.1.43, 1"
491a-3-a-0;"6.1.40;6.1.43, 1, a"
491a-3-b-0;"6.1.40; 6.1.43, 1, b"
492-0-0-0;40695
493-1-0-0;"algemene regeling 2.5.31; 6.1.13, 1; 6.1.14, 3"
493-2-0-0;6.1.13, 9
493-3-0-0;6.1.13, 7 en 8
493-4-0-0;6.1.13, 2
493-5-0-0;6.1.13, 10
493-6-0-0;6.1.14, 1 en 2
493-7-0-0;6.1.13, 1
493a-1-0-0;50557
493a-2-0-0;52383
494-1-0-0;6.1.30, 1 en 2
494-2-0-0;6.1.30, 3
494-3-0-0;6.1.29, 1
494-4-0-0;6.1.29, 1
494a-1-0-0;6.1.29, 1
494a-2-0-0;6.1.29, 4
494a-3-0-0;6.1.30, 1, b
494a-4-0-0;"6.1.29, 5; 6.1.34"
494b-1-0-0;6.1.16, 4
494b-2-0-0;43983
495-1-0-0;6.1.17, 1, 2, 3 en 4
495-2-0-0;6.1.17, 4
495-2-a-0;6.1.17, 4, a
495-2-b-0;6.1.17, 4, b
495-2-c-0;6.1.17, 4, c
495-3-0-0;6.1.18, 1
495-4-0-0;6.1.28, 3
495-5-0-0;vervallen (mvt)
495-6-0-0;6.1.28, 3
495a-1-0-0;6.1.21, 1
495a-2-0-0;6.1.21, 2
495a-3-0-0;6.1.21, 2
495a-4-0-0;vervallen (mvt)
495b-1-0-0;6.1.22, 1
495b-2-0-0;6.1.22, 2
496-1-0-0;6.1.41, 1
496-2-0-0;6.1.43, 1
496-2-a-0;6.1.43, 1, a
496-2-b-0;6.1.43, 2
496-2-c-0;6.1.43, 1, b
496-3-0-0;6.1.43, 3
496-4-0-0;6.1.41, 2
496-5-0-0;6.1.41, 3
496a-1-0-0;6.1.42, 1
496a-2-0-0;6.1.42, 2
496a-3-0-0;vervallen (mvt)
496a-3-a-0;vervallen (mvt)
496a-3-b-0;vervallen (mvt)
496a-3-c-0;vervallen (mvt)
497-1-0-0;6.1.22, 3
497-2-0-0;6.1.22, 3
498-0-0-0;6.1.29, 1
499-1-0-0;6.1.18, 2
499-2-0-0;6.1.18, 3
500-1-0-0;6.1.17, 3
500-2-0-0;vervallen (mvt)
501-0-0-0;**
502-1-0-0;vervallen (mvt)
502-2-0-0;vervallen (mvt)
503-1-0-0;48366
503-2-0-0;48366
509a-1-0-0;6.1.50, 1
509a-2-0-0;6.1.50, 2
509a-3-0-0;vervallen
509b-1-0-0;6.1.50, 4
509b-2-0-0;6.1.50, 5
509c-0-0-0;6.1.51, 1
509d-1-0-0;vervallen (mvt)
509d-2-0-0;vervallen (mvt)
509d-3-0-0;vervallen (mvt)
509f-0-0-0;vervallen
509f-0-0-0;vervallen
509f-0-0-0;vervallen
509f-0-0-0;vervallen
509g-1-0-0;4.2.53, 1
509g-2-0-0;4.2.53, 3
509g-3-0-0;
509g-4-0-0;4.2.53, 5
509h-1-0-0;4.2.53, 6
509h-2-0-0;4.2.53, 6
509ibis-0-0-0;4.3.30, 5
509hh-1-0-0;6.5.1, 1
509hh-1-a-0;6.5.1, 1, a
509hh-1-b-0;6.5.1, 1, b
509hh-1-c-0;6.5.1, 1, c
509hh-2-0-0;6.5.1, 2
509hh-2-a-0;6.5.1, 2, a
509hh-2-b-0;6.5.1, 2, b
509hh-2-c-0;6.5.1, 2, c
509hh-2-d-0;6.5.1, 2, d
509hh-3-0-0;6.5.1, 3
509hh-4-0-0;6.5.1, 4
509hh-5-0-0;6.5.1, 5
509hh-6-0-0;6.5.1, 6
510-1-0-0;6.1.54, 1
510-2-0-0;6.1.54, 3
510-3-0-0;6.1.54, 5
510-4-0-0;6.1.54, 4
511-1-0-0;6.1.55, 1
511-2-0-0;6.1.55, 1
511a-1-0-0;6.5.14, 1
511a-2-0-0;6.5.14, 2
511a-3-0-0;6.5.14, 3
511a-4-0-0;6.5.14, 5
511aa-1-0-0;6.5.15, 1
511aa-2-0-0;6.5.15, 2
511aa-3-0-0;6.5.15, 3
511aa-3-a-0;6.5.15, 3, a
511aa-3-b-0;6.5.15, 3, b
511aa-3-c-0;6.5.15, 3, c
511ab-1-0-0;6.5.16, 1
511ab-2-0-0;6.5.16, 2
511ac-0-0-0;6.5.14, 4
511b-1-0-0;4.4.17, 1
511b-2-0-0;41368
511b-3-0-0;algemene regeling B1H9
511b-4-0-0;algemene regeling B4T1.2
511c-0-0-0;4.4.24, 1
511d-1-0-0;"4.4.17, 2; 4.4.18, 1; 4.4.23, 1"
511d-2-0-0;4.2.50, 1
511d-3-0-0;43194
511e-1-0-0;4.4.18, 1 en 2
511e-1-a-0;42098
511e-1-b-0;4.4.18, 1, e
511e-2-0-0;4.2.50, 1
511f-0-0-0;4.4.16, 2
511g-1-0-0;5.4.41, 1
511g-2-0-0;"5.4.41, 2; 5.4.42, 3"
511g-2-a-0;5.4.42, 3
511g-2-b-0;5.4.42, 3
511g-2-c-0;5.4.42, 3
511g-2-d-0;5.4.42, 3
511h-0-0-0;5.5.20, 1 en 2
511i-0-0-0;43559
512-0-0-0;6.2.1
513-1-0-0;6.2.2, 1
513-2-0-0;6.2.2, 2
513-3-0-0;6.2.2, 3
513-4-0-0;6.2.2, 4
513-5-0-0;6.2.2, 2
514-0-0-0;6.2.3
515-1-0-0;"1.2.13, 1, e; 6.2.4, 1"
515-2-0-0;6.2.4, 2
515-3-0-0;6.2.4, 4
515-4-0-0;6.2.4, 5
515-5-0-0;algemene regeling 5.1.1
517-1-0-0;6.2.5, 1
517-2-0-0;6.2.5, 2
517-3-0-0;6.2.5, 2
518-1-0-0;6.2.6, 1
518-2-0-0;6.2.6, 2
518-3-0-0;algemene regeling 5.1.1
525-1-0-0;6.2.7, 1
525-1-0-1;6.2.7, 1, a
525-1-0-2;6.2.7, 1, b
525-2-0-0;6.2.7, 2
526-1-0-0;6.2.8, 1
526-2-0-0;6.2.8, 2
526-3-0-0;6.2.8, 3
526-4-0-0;6.2.8, 4
526-5-0-0;vervallen (mvt)
527-1-0-0;6.2.9, 2
527-2-0-0;6.2.9, 3
527-3-0-0;6.2.9, 4
527-4-0-0;6.2.9, 5
528-1-0-0;6.1.53, 1
528-2-0-0;6.1.53, 2
528-3-0-0;6.1.53, 3
529-1-0-0;"6.6.1, 1; 6.6.11, 1"
529-2-0-0;vervallen (mvt)
529-3-0-0;algemene regeling 1.2.16
529-4-0-0;vervallen
529-5-0-0;6.6.11, 4
530-1-0-0;"6.6.1, 1; 6.6.12, 1"
530-2-0-0;6.6.12, 2
530-3-0-0;6.6.12, 3
530-4-0-0;6.6.12, 4
530-5-0-0;6.6.12, 4
531-1-0-0;6.6.13, 1
531-2-0-0;6.6.13, 2
531-3-0-0;vervallen
532-0-0-0;**
533-1-0-0;"6.6.1, 1; 6.6.2, 2; 6.6.5, 3"
533-2-0-0;6.6.5, 3
533-3-0-0;"6.6.5, 4; 6.6.8, 1; 6.6.11, 3"
533-4-0-0;vervallen (mvt)
533-5-0-0;6.6.7
533-6-0-0;6.6.3
534-1-0-0;6.6.5, 1
534-2-0-0;6.6.5, 1
534-3-0-0;vervallen
534-4-0-0;vervallen
534-5-0-0;algemene regeling B1T9.2
535-1-0-0;6.6.9
535-2-0-0;vervallen (mvt)
535-3-0-0;algemene regeling B1T 9.2
536-1-0-0;vervallen
536-2-0-0;vervallen
537-1-0-0;6.6.6
537-2-0-0;6.6.6, 4 en 5
537-3-0-0;vervallen (mvt)
538-1-0-0;vervallen
538-2-0-0;vervallen
538-3-0-0;vervallen
539-1-0-0;"6.6.1, 1; 6.6.6, 1"
539-2-0-0;6.6.6, 1
539-3-0-0;5.8.26, 1
539-4-0-0;5.8.26, 2
539a-1-0-0;B6H3
539a-2-0-0;B6H3
539a-3-0-0;B6H3
539b-1-0-0;B6H3
539b-2-0-0;B6H3
539b-2-0-1;B6H3
539b-2-0-2;B6H3
539b-3-0-0;B6H3
539b-4-0-0;B6H3
539b-5-0-0;B6H3
539c-1-0-0;B6H3
539c-2-0-0;B6H3
539d-0-0-0;B6H3
539e-1-0-0;B6H3
539e-2-0-0;B6H3
539f-1-0-0;B6H3
539f-2-0-0;B6H3
539f-3-0-0;B6H3
539f-4-0-0;B6H3
539f-5-0-0;B6H3
539g-0-0-0;B6H3
539h-1-0-0;B6H3
539h-1-0-1;B6H3
539h-1-0-2;B6H3
539h-1-0-3;B6H3
539h-2-0-0;B6H3
539i-0-0-0;B6H3
539i-1-0-0;B6H3
539i-2-0-0;B6H3
539i-3-0-0;B6H3
539i-4-0-0;B6H3
539j-1-0-0;B6H3
539j-2-0-0;B6H3
539j-3-0-0;B6H3
539j-4-0-0;B6H3
539k-1-0-0;B6H3
539k-2-0-0;B6H3
539k-2-a-0;B6H3
539k-2-b-0;B6H3
539k-3-0-0;B6H3
539l-1-0-0;B6H3
539l-2-0-0;B6H3
539l-3-0-0;B6H3
539l-3-a-0;B6H3
539l-3-b-0;B6H3
539l-4-0-0;B6H3
539l-5-0-0;B6H3
539l-6-0-0;B6H3
539m-1-0-0;B6H3
539m-1-0-0;B6H3
539m-1-0-0;B6H3
539m-2-0-0;B6H3
539n-1-0-0;B6H3
539n-2-0-0;B6H3
539n-3-0-0;B6H3
539o-1-0-0;B6H3
539o-2-0-0;B6H3
539p-1-0-0;B6H3
539p-2-0-0;B6H3
539p-3-0-0;B6H3
539q-0-0-0;B6H3
539r-1-0-0;B6H3
539r-2-0-0;B6H3
539s-1-0-0;B6H3
539s-2-0-0;B6H3
539t-0-0-0;B6H3
539u-1-0-0;B6H3
539u-2-0-0;B6H3
539u-3-0-0;B6H3
539v-1-0-0;B6H3
539v-2-0-0;B6H3
539v-2-0-1;B6H3
539v-2-0-2;B6H3
539v-2-0-3;B6H3
539v-3-0-0;B6H3
539v-4-0-0;B6H3
539v-5-0-0;B6H3
539w-1-0-0;B6H3
539w-2-0-0;B6H3
540-1-0-0;vervallen (mvt)
540-2-0-0;vervallen (mvt)
540-2-a-0;vervallen (mvt)
540-2-b-0;vervallen (mvt)
541-1-0-0;vervallen (mvt)
541-2-0-0;vervallen (mvt)
541-3-0-0;vervallen (mvt)
542-1-0-0;vervallen (mvt)
542-2-0-0;vervallen (mvt)
542-3-0-0;vervallen (mvt)
542-4-0-0;vervallen (mvt)
543-1-0-0;vervallen (mvt)
543-2-0-0;vervallen (mvt)
543-3-0-0;vervallen (mvt)
543-4-0-0;vervallen (mvt)
543-5-0-0;vervallen (mvt)
544-0-0-0;vervallen (mvt)
545-1-0-0;vervallen (mvt)
545-2-0-0;vervallen (mvt)
545-3-0-0;vervallen (mvt)
545-4-0-0;vervallen (mvt)
545-5-0-0;vervallen (mvt)
546-1-0-0;vervallen (mvt)
546-2-0-0;vervallen (mvt)
546-3-0-0;vervallen (mvt)
546-4-0-0;vervallen (mvt)
547-1-0-0;vervallen (mvt)
547-2-0-0;vervallen (mvt)
547-3-0-0;vervallen (mvt)
548-1-0-0;vervallen (mvt)
548-2-0-0;vervallen (mvt)
548-3-0-0;vervallen (mvt)
548-4-0-0;vervallen (mvt)
549-0-0-0;vervallen (mvt)
550-0-0-0;vervallen (mvt)
551-1-0-0;2.7.9, 2
551-2-0-0;6.5.5
551a-0-0-0;6.5.2
552-0-0-0;6.5.5
552a-1-0-0;"6.4.1, 1; 6.4.5, 1"
552a-2-0-0;6.4.5, 1, a
552a-3-0-0;"6.4.1, 2; 6.4.5, 2"
552a-4-0-0;"6.4.1, 3; 6.4.5, 2"
552a-5-0-0;6.4.6, 5
552a-6-0-0;algemene regeling B1T9.1
552a-7-0-0;algemene regeling B1T 2.3
552a-8-0-0;2.7.70, 2
552a-9-0-0;vervallen
552a-10-0-0;6.4.9, 1
552ab-1-0-0;6.4.2, 1
552ab-2-0-0;6.4.2, 2
552ab-3-0-0;algemene regeling B1T2.3
552ab-4-0-0;"B6H4 Afdeling 4.1.3; 6.4.8, 1"
552b-1-0-0;6.4.3, 1
552b-2-0-0;6.4.3, 3
552b-3-0-0;algemene regeling B1T2.3
552b-4-0-0;6.4.9, 1
552b-5-0-0;6.4.9, 2
552c-0-0-0;2.7.22, 5
552ca-1-0-0;6.4.6, 2
552ca-2-0-0;2.7.26, 4
552ca-3-0-0;6.4.6, 1 en 2
552d-1-0-0;6.4.9, 3
552d-2-0-0;"2.7.71, 3; 6.4.14"
552d-3-0-0;2.7.71, 2
552d-4-0-0;vervallen
552e-1-0-0;6.4.10, 1
552e-2-0-0;2.7.29, 4
552f-1-0-0;6.4.12, 1
552f-2-0-0;6.4.12, 2
552f-3-0-0;6.4.12, 3
552f-4-0-0;algemene regeling B1T2.3
552f-5-0-0;6.4.12, 4
552f-6-0-0;6.4.15, 1 en 2
552f-7-0-0;6.4.3, 2
552fa-1-0-0;6.4.13, 1, a
552fa-2-0-0;6.4.13, 3
552fa-3-0-0;"6.4.13, 2, 3 en 4; 6.4.15, 2"
552fa-4-0-0;6.4.13, 5
552g-0-0-0;6.4.10, 2